== 02-nvfp4-fast-update-off ==

## stdout JSON (/home/allen/host_workspace/develop/llama.cpp/experiments/20260521T035332Z-nvfp4-vcache-fast-update-bench/metrics/02-nvfp4-fast-update-off.json)
[
  {
    "build_commit": "4ffe94f03",
    "build_number": 6270,
    "cpu_info": "Intel(R) Xeon(R) Gold 6242 CPU @ 2.80GHz",
    "gpu_info": "NVIDIA GeForce RTX 5090",
    "backends": "CUDA",
    "model_filename": "/home/allen/host_workspace/develop/models/qwen3-8b-nvfp4.gguf",
    "model_type": "qwen3 8B F16",
    "model_size": 8886868224,
    "model_n_params": 8190735936,
    "n_batch": 2048,
    "n_ubatch": 512,
    "n_threads": 32,
    "cpu_mask": "0x0",
    "cpu_strict": false,
    "poll": 50,
    "type_k": "f16",
    "type_v": "nvfp4",
    "n_gpu_layers": 40,
    "split_mode": "layer",
    "main_gpu": 0,
    "no_kv_offload": false,
    "kv_unified": true,
    "flash_attn": false,
    "tensor_split": "0.00",
    "tensor_buft_overrides": "none",
    "defrag_thold": -1.000000,
    "use_mmap": true,
    "embeddings": false,
    "no_op_offload": 0,
    "n_prompt": 512,
    "n_gen": 0,
    "n_depth": 0,
    "test_time": "2026-05-21T06:07:43Z",
    "avg_ns": 165452357,
    "stddev_ns": 402070,
    "avg_ts": 3094.561030,
    "stddev_ts": 7.512258,
    "samples_ns": [ 166012977, 165167758, 165728085, 165068987, 165283978 ],
    "samples_ts": [ 3084.1, 3099.88, 3089.4, 3101.73, 3097.7 ]
  },
  {
    "build_commit": "4ffe94f03",
    "build_number": 6270,
    "cpu_info": "Intel(R) Xeon(R) Gold 6242 CPU @ 2.80GHz",
    "gpu_info": "NVIDIA GeForce RTX 5090",
    "backends": "CUDA",
    "model_filename": "/home/allen/host_workspace/develop/models/qwen3-8b-nvfp4.gguf",
    "model_type": "qwen3 8B F16",
    "model_size": 8886868224,
    "model_n_params": 8190735936,
    "n_batch": 2048,
    "n_ubatch": 512,
    "n_threads": 32,
    "cpu_mask": "0x0",
    "cpu_strict": false,
    "poll": 50,
    "type_k": "f16",
    "type_v": "nvfp4",
    "n_gpu_layers": 40,
    "split_mode": "layer",
    "main_gpu": 0,
    "no_kv_offload": false,
    "kv_unified": true,
    "flash_attn": false,
    "tensor_split": "0.00",
    "tensor_buft_overrides": "none",
    "defrag_thold": -1.000000,
    "use_mmap": true,
    "embeddings": false,
    "no_op_offload": 0,
    "n_prompt": 0,
    "n_gen": 128,
    "n_depth": 0,
    "test_time": "2026-05-21T06:07:45Z",
    "avg_ns": 1599394976,
    "stddev_ns": 64785989,
    "avg_ts": 80.130040,
    "stddev_ts": 3.079076,
    "samples_ns": [ 1715209459, 1567490355, 1572862392, 1568714451, 1572698226 ],
    "samples_ts": [ 74.6265, 81.6592, 81.3803, 81.5955, 81.3888 ]
  }
]

## stderr (/home/allen/host_workspace/develop/llama.cpp/experiments/20260521T035332Z-nvfp4-vcache-fast-update-bench/logs/02-nvfp4-fast-update-off.stderr.log)
warning: asserts enabled, performance may be affected
warning: debug build, performance may be affected
ggml_cuda_init: GGML_CUDA_FORCE_MMQ:    no
ggml_cuda_init: GGML_CUDA_FORCE_CUBLAS: no
ggml_cuda_init: found 1 CUDA devices:
  Device 0: NVIDIA GeForce RTX 5090, compute capability 12.0, VMM: yes
register_backend: registered backend CUDA (1 devices)
register_device: registered device CUDA0 (NVIDIA GeForce RTX 5090)
register_backend: registered backend CPU (1 devices)
register_device: registered device CPU (Intel(R) Xeon(R) Gold 6242 CPU @ 2.80GHz)
load_backend: failed to find ggml_backend_init in /home/allen/host_workspace/develop/llama.cpp/build_cuda/bin/libggml-cuda.so
load_backend: failed to find ggml_backend_init in /home/allen/host_workspace/develop/llama.cpp/build_cuda/bin/libggml-cpu.so
llama_model_load_from_file_impl: using device CUDA0 (NVIDIA GeForce RTX 5090) - 31588 MiB free
llama_model_loader: loaded meta data with 32 key-value pairs and 975 tensors from /home/allen/host_workspace/develop/models/qwen3-8b-nvfp4.gguf (version GGUF V3 (latest))
llama_model_loader: Dumping metadata keys/values. Note: KV overrides do not apply in this output.
llama_model_loader: - kv   0:                       general.architecture str              = qwen3
llama_model_loader: - kv   1:                               general.type str              = model
llama_model_loader: - kv   2:                               general.name str              = Ccd10A893Cbca613259517C3Efe08E151Ddf2B8E
llama_model_loader: - kv   3:                         general.size_label str              = 8.2B
llama_model_loader: - kv   4:                            general.license str              = apache-2.0
llama_model_loader: - kv   5:                   general.base_model.count u32              = 1
llama_model_loader: - kv   6:                  general.base_model.0.name str              = Qwen3 8B
llama_model_loader: - kv   7:          general.base_model.0.organization str              = Qwen
llama_model_loader: - kv   8:              general.base_model.0.repo_url str              = https://huggingface.co/Qwen/Qwen3-8B
llama_model_loader: - kv   9:                               general.tags arr[str,7]       = ["nvidia", "ModelOpt", "Qwen3", "quan...
llama_model_loader: - kv  10:                          qwen3.block_count u32              = 36
llama_model_loader: - kv  11:                       qwen3.context_length u32              = 40960
llama_model_loader: - kv  12:                     qwen3.embedding_length u32              = 4096
llama_model_loader: - kv  13:                  qwen3.feed_forward_length u32              = 12288
llama_model_loader: - kv  14:                 qwen3.attention.head_count u32              = 32
llama_model_loader: - kv  15:              qwen3.attention.head_count_kv u32              = 8
llama_model_loader: - kv  16:                       qwen3.rope.freq_base f32              = 1000000.000000
llama_model_loader: - kv  17:     qwen3.attention.layer_norm_rms_epsilon f32              = 0.000001
llama_model_loader: - kv  18:                 qwen3.attention.key_length u32              = 128
llama_model_loader: - kv  19:               qwen3.attention.value_length u32              = 128
llama_model_loader: - kv  20:                          general.file_type u32              = 1
llama_model_loader: - kv  21:               general.quantization_version u32              = 2
llama_model_loader: - kv  22:                       tokenizer.ggml.model str              = gpt2
llama_model_loader: - kv  23:                         tokenizer.ggml.pre str              = qwen2
llama_model_loader: - kv  24:                      tokenizer.ggml.tokens arr[str,151936]  = ["!", "\"", "#", "$", "%", "&", "'", ...
llama_model_loader: - kv  25:                  tokenizer.ggml.token_type arr[i32,151936]  = [1, 1, 1, 1, 1, 1, 1, 1, 1, 1, 1, 1, ...
llama_model_loader: - kv  26:                      tokenizer.ggml.merges arr[str,151387]  = ["Ġ Ġ", "ĠĠ ĠĠ", "i n", "Ġ t",...
llama_model_loader: - kv  27:                tokenizer.ggml.eos_token_id u32              = 151643
llama_model_loader: - kv  28:            tokenizer.ggml.padding_token_id u32              = 151643
llama_model_loader: - kv  29:                tokenizer.ggml.bos_token_id u32              = 151643
llama_model_loader: - kv  30:               tokenizer.ggml.add_bos_token bool             = false
llama_model_loader: - kv  31:                    tokenizer.chat_template str              = {%- if tools %}\n    {{- '<|im_start|>...
llama_model_loader: - type  f32:  723 tensors
llama_model_loader: - type nvfp4:  252 tensors
print_info: file format = GGUF V3 (latest)
print_info: file type   = F16
print_info: file size   = 8.28 GiB (8.68 BPW) 
init_tokenizer: initializing tokenizer for type 2
load: control token: 151660 '<|fim_middle|>' is not marked as EOG
load: control token: 151659 '<|fim_prefix|>' is not marked as EOG
load: control token: 151653 '<|vision_end|>' is not marked as EOG
load: control token: 151648 '<|box_start|>' is not marked as EOG
load: control token: 151646 '<|object_ref_start|>' is not marked as EOG
load: control token: 151649 '<|box_end|>' is not marked as EOG
load: control token: 151655 '<|image_pad|>' is not marked as EOG
load: control token: 151651 '<|quad_end|>' is not marked as EOG
load: control token: 151647 '<|object_ref_end|>' is not marked as EOG
load: control token: 151652 '<|vision_start|>' is not marked as EOG
load: control token: 151654 '<|vision_pad|>' is not marked as EOG
load: control token: 151656 '<|video_pad|>' is not marked as EOG
load: control token: 151644 '<|im_start|>' is not marked as EOG
load: control token: 151661 '<|fim_suffix|>' is not marked as EOG
load: control token: 151650 '<|quad_start|>' is not marked as EOG
load: printing all EOG tokens:
load:   - 151643 ('<|endoftext|>')
load:   - 151645 ('<|im_end|>')
load:   - 151662 ('<|fim_pad|>')
load:   - 151663 ('<|repo_name|>')
load:   - 151664 ('<|file_sep|>')
load: special tokens cache size = 26
load: token to piece cache size = 0.9311 MB
print_info: arch             = qwen3
print_info: vocab_only       = 0
print_info: n_ctx_train      = 40960
print_info: n_embd           = 4096
print_info: n_layer          = 36
print_info: n_head           = 32
print_info: n_head_kv        = 8
print_info: n_rot            = 128
print_info: n_swa            = 0
print_info: is_swa_any       = 0
print_info: n_embd_head_k    = 128
print_info: n_embd_head_v    = 128
print_info: n_gqa            = 4
print_info: n_embd_k_gqa     = 1024
print_info: n_embd_v_gqa     = 1024
print_info: f_norm_eps       = 0.0e+00
print_info: f_norm_rms_eps   = 1.0e-06
print_info: f_clamp_kqv      = 0.0e+00
print_info: f_max_alibi_bias = 0.0e+00
print_info: f_logit_scale    = 0.0e+00
print_info: f_attn_scale     = 0.0e+00
print_info: n_ff             = 12288
print_info: n_expert         = 0
print_info: n_expert_used    = 0
print_info: causal attn      = 1
print_info: pooling type     = -1
print_info: rope type        = 2
print_info: rope scaling     = linear
print_info: freq_base_train  = 1000000.0
print_info: freq_scale_train = 1
print_info: n_ctx_orig_yarn  = 40960
print_info: rope_finetuned   = unknown
print_info: model type       = 8B
print_info: model params     = 8.19 B
print_info: general.name     = Ccd10A893Cbca613259517C3Efe08E151Ddf2B8E
print_info: vocab type       = BPE
print_info: n_vocab          = 151936
print_info: n_merges         = 151387
print_info: BOS token        = 151643 '<|endoftext|>'
print_info: EOS token        = 151643 '<|endoftext|>'
print_info: EOT token        = 151645 '<|im_end|>'
print_info: PAD token        = 151643 '<|endoftext|>'
print_info: LF token         = 198 'Ċ'
print_info: FIM PRE token    = 151659 '<|fim_prefix|>'
print_info: FIM SUF token    = 151661 '<|fim_suffix|>'
print_info: FIM MID token    = 151660 '<|fim_middle|>'
print_info: FIM PAD token    = 151662 '<|fim_pad|>'
print_info: FIM REP token    = 151663 '<|repo_name|>'
print_info: FIM SEP token    = 151664 '<|file_sep|>'
print_info: EOG token        = 151643 '<|endoftext|>'
print_info: EOG token        = 151645 '<|im_end|>'
print_info: EOG token        = 151662 '<|fim_pad|>'
print_info: EOG token        = 151663 '<|repo_name|>'
print_info: EOG token        = 151664 '<|file_sep|>'
print_info: max token length = 256
load_tensors: loading model tensors, this can take a while... (mmap = true)
load_tensors: layer   0 assigned to device CUDA0, is_swa = 0
load_tensors: layer   1 assigned to device CUDA0, is_swa = 0
load_tensors: layer   2 assigned to device CUDA0, is_swa = 0
load_tensors: layer   3 assigned to device CUDA0, is_swa = 0
load_tensors: layer   4 assigned to device CUDA0, is_swa = 0
load_tensors: layer   5 assigned to device CUDA0, is_swa = 0
load_tensors: layer   6 assigned to device CUDA0, is_swa = 0
load_tensors: layer   7 assigned to device CUDA0, is_swa = 0
load_tensors: layer   8 assigned to device CUDA0, is_swa = 0
load_tensors: layer   9 assigned to device CUDA0, is_swa = 0
load_tensors: layer  10 assigned to device CUDA0, is_swa = 0
load_tensors: layer  11 assigned to device CUDA0, is_swa = 0
load_tensors: layer  12 assigned to device CUDA0, is_swa = 0
load_tensors: layer  13 assigned to device CUDA0, is_swa = 0
load_tensors: layer  14 assigned to device CUDA0, is_swa = 0
load_tensors: layer  15 assigned to device CUDA0, is_swa = 0
load_tensors: layer  16 assigned to device CUDA0, is_swa = 0
load_tensors: layer  17 assigned to device CUDA0, is_swa = 0
load_tensors: layer  18 assigned to device CUDA0, is_swa = 0
load_tensors: layer  19 assigned to device CUDA0, is_swa = 0
load_tensors: layer  20 assigned to device CUDA0, is_swa = 0
load_tensors: layer  21 assigned to device CUDA0, is_swa = 0
load_tensors: layer  22 assigned to device CUDA0, is_swa = 0
load_tensors: layer  23 assigned to device CUDA0, is_swa = 0
load_tensors: layer  24 assigned to device CUDA0, is_swa = 0
load_tensors: layer  25 assigned to device CUDA0, is_swa = 0
load_tensors: layer  26 assigned to device CUDA0, is_swa = 0
load_tensors: layer  27 assigned to device CUDA0, is_swa = 0
load_tensors: layer  28 assigned to device CUDA0, is_swa = 0
load_tensors: layer  29 assigned to device CUDA0, is_swa = 0
load_tensors: layer  30 assigned to device CUDA0, is_swa = 0
load_tensors: layer  31 assigned to device CUDA0, is_swa = 0
load_tensors: layer  32 assigned to device CUDA0, is_swa = 0
load_tensors: layer  33 assigned to device CUDA0, is_swa = 0
load_tensors: layer  34 assigned to device CUDA0, is_swa = 0
load_tensors: layer  35 assigned to device CUDA0, is_swa = 0
load_tensors: layer  36 assigned to device CUDA0, is_swa = 0
load_tensors: tensor 'token_embd.weight' (f32) (and 0 others) cannot be used with preferred buffer type CUDA_Host, using CPU instead
load_tensors: offloading 36 repeating layers to GPU
load_tensors: offloading output layer to GPU
load_tensors: offloaded 37/37 layers to GPU
load_tensors:        CUDA0 model buffer size =  6101.25 MiB
load_tensors:   CPU_Mapped model buffer size =  2374.00 MiB
.............................................
llama_vcache_nvfp4_log_once: LLAMA_EXPERIMENT_NVFP4_VCACHE=1 -> enabled (experimental NVFP4 V-cache path)
llama_context: constructing llama_context
llama_context: n_seq_max     = 1
llama_context: n_ctx         = 512
llama_context: n_ctx_per_seq = 512
llama_context: n_batch       = 512
llama_context: n_ubatch      = 512
llama_context: causal_attn   = 1
llama_context: flash_attn    = 0
llama_context: kv_unified    = true
llama_context: freq_base     = 1000000.0
llama_context: freq_scale    = 1
llama_context: n_ctx_per_seq (512) < n_ctx_train (40960) -- the full capacity of the model will not be utilized
set_abort_callback: call
llama_context:  CUDA_Host  output buffer size =     0.58 MiB
create_memory: n_ctx = 512 (padded)
llama_nvfp4_vcache_log_layer_global_scale_once: LLAMA_EXPERIMENT_NVFP4_VCACHE_LAYER_GLOBAL_SCALE=(unset) -> disabled, NVFP4 V-cache uses per-block external scales
llama_kv_cache_unified: layer   0: dev = CUDA0
llama_kv_cache_unified: layer   1: dev = CUDA0
llama_kv_cache_unified: layer   2: dev = CUDA0
llama_kv_cache_unified: layer   3: dev = CUDA0
llama_kv_cache_unified: layer   4: dev = CUDA0
llama_kv_cache_unified: layer   5: dev = CUDA0
llama_kv_cache_unified: layer   6: dev = CUDA0
llama_kv_cache_unified: layer   7: dev = CUDA0
llama_kv_cache_unified: layer   8: dev = CUDA0
llama_kv_cache_unified: layer   9: dev = CUDA0
llama_kv_cache_unified: layer  10: dev = CUDA0
llama_kv_cache_unified: layer  11: dev = CUDA0
llama_kv_cache_unified: layer  12: dev = CUDA0
llama_kv_cache_unified: layer  13: dev = CUDA0
llama_kv_cache_unified: layer  14: dev = CUDA0
llama_kv_cache_unified: layer  15: dev = CUDA0
llama_kv_cache_unified: layer  16: dev = CUDA0
llama_kv_cache_unified: layer  17: dev = CUDA0
llama_kv_cache_unified: layer  18: dev = CUDA0
llama_kv_cache_unified: layer  19: dev = CUDA0
llama_kv_cache_unified: layer  20: dev = CUDA0
llama_kv_cache_unified: layer  21: dev = CUDA0
llama_kv_cache_unified: layer  22: dev = CUDA0
llama_kv_cache_unified: layer  23: dev = CUDA0
llama_kv_cache_unified: layer  24: dev = CUDA0
llama_kv_cache_unified: layer  25: dev = CUDA0
llama_kv_cache_unified: layer  26: dev = CUDA0
llama_kv_cache_unified: layer  27: dev = CUDA0
llama_kv_cache_unified: layer  28: dev = CUDA0
llama_kv_cache_unified: layer  29: dev = CUDA0
llama_kv_cache_unified: layer  30: dev = CUDA0
llama_kv_cache_unified: layer  31: dev = CUDA0
llama_kv_cache_unified: layer  32: dev = CUDA0
llama_kv_cache_unified: layer  33: dev = CUDA0
llama_kv_cache_unified: layer  34: dev = CUDA0
llama_kv_cache_unified: layer  35: dev = CUDA0
llama_kv_cache_unified:      CUDA0 KV buffer size =    50.62 MiB
llama_kv_cache_unified: size =   46.12 MiB (   512 cells,  36 layers,  1/1 seqs), K (f16):   36.00 MiB, V (nvfp4):   10.12 MiB
llama_context: enumerating backends
llama_context: backend_ptrs.size() = 2
llama_context: max_nodes = 7800
llama_context: worst-case: n_tokens = 512, n_seqs = 1, n_outputs = 0
graph_reserve: reserving a graph for ubatch with n_tokens =  512, n_seqs =  1, n_outputs =  512
ggml_gallocr_reserve_n: reallocating CUDA0 buffer from size 0.00 MiB to 304.75 MiB
ggml_gallocr_reserve_n: reallocating CUDA_Host buffer from size 0.00 MiB to 9.26 MiB
graph_reserve: reserving a graph for ubatch with n_tokens =    1, n_seqs =  1, n_outputs =    1
graph_reserve: reserving a graph for ubatch with n_tokens =  512, n_seqs =  1, n_outputs =  512
llama_context:      CUDA0 compute buffer size =   304.75 MiB
llama_context:  CUDA_Host compute buffer size =     9.26 MiB
llama_context: graph nodes  = 1446
llama_context: graph splits = 2
attach_threadpool: call
set_n_threads: n_threads = 32, n_threads_batch = 32
process_ubatch: start, gtype = 2, n_tokens = 512, can_reuse = 0
ggml_compute_forward_get_rows_f32: dst=inp_embd first4=-0.0349121094 0.0147705078 -0.0218505859 -0.0061340332
check_node_graph_compatibility_and_refresh_copy_ops: disabling CUDA graphs due to batch size > 1 [ffn_inp-0] [4096 512 1 1]
ggml_cuda_mul_mat_nvfp4_native: NVFP4 layout diagnostic for Qcur-scaled-0: row_bytes(nvfp4_block)=2304 vs row_bytes(CUDA_R_4F_E2M1)=2048 (k=4096, block_size=9). Splitting into separate data/scale channels for cuBLASLt.
ggml_cuda_log_nvfp4_vcache_fast_update_once: LLAMA_EXPERIMENT_NVFP4_VCACHE_FAST_UPDATE=0 -> disabled
ggml_cuda_log_mul_mat_kqvp_once: q*k src0{name=cache_k_l0 (view) (permuted) type=f16 ne=[128,512,8,1]} src1{name=Qcur-0 (reshaped) (permuted) type=f32 ne=[128,512,32,1]} dst{name=kq-0 type=f32 ne=[512,512,32,1]}
ggml_cuda_log_mul_mat_kqvp_once: p*v src0{name=cache_v_l0 (view) (permuted) type=nvfp4 ne=[512,128,8,1]} src1{name=node_28 type=f32 ne=[512,512,32,1]} dst{name=kqv-0 type=f32 ne=[128,512,32,1]}
ggml_cuda_vcache_nvfp4_log_fp4_pv_once: CUDA NVFP4 V-cache p*v quantizes P to dynamic NVFP4 by default; using cuBLASLt FP4 when available, otherwise custom CUDA dot kernel
ggml_cuda_vcache_nvfp4_matmul_fp4_p_lt: cuBLASLt FP4 P*V path active rows=128 cols=512 padded_cols=512 kv_size=512 q_heads=32 q_streams=1
ggml_cuda_vcache_nvfp4_log_matmul_path_once: CUDA NVFP4 V-cache p*v matmul path=cublasLt-fp4
set_n_threads: n_threads = 32, n_threads_batch = 32
process_ubatch: start, gtype = 2, n_tokens = 512, can_reuse = 1
ggml_compute_forward_get_rows_f32: dst=inp_embd first4=0.0102539062 0.0341796875 -0.00769042969 -0.0322265625
check_node_graph_compatibility_and_refresh_copy_ops: disabling CUDA graphs due to batch size > 1 [ffn_inp-0] [4096 512 1 1]
set_n_threads: n_threads = 32, n_threads_batch = 32
process_ubatch: start, gtype = 2, n_tokens = 512, can_reuse = 1
ggml_compute_forward_get_rows_f32: dst=inp_embd first4=-0.0216064453 0.000507354736 -0.0133056641 -0.0123901367
check_node_graph_compatibility_and_refresh_copy_ops: disabling CUDA graphs due to batch size > 1 [ffn_inp-0] [4096 512 1 1]
set_n_threads: n_threads = 32, n_threads_batch = 32
process_ubatch: start, gtype = 2, n_tokens = 512, can_reuse = 1
ggml_compute_forward_get_rows_f32: dst=inp_embd first4=0.0200195312 0.0078125 -0.00149536133 -0.014831543
check_node_graph_compatibility_and_refresh_copy_ops: disabling CUDA graphs due to batch size > 1 [ffn_inp-0] [4096 512 1 1]
set_n_threads: n_threads = 32, n_threads_batch = 32
process_ubatch: start, gtype = 2, n_tokens = 512, can_reuse = 1
ggml_compute_forward_get_rows_f32: dst=inp_embd first4=-0.00250244141 -0.0354003906 0.0163574219 0.0493164062
check_node_graph_compatibility_and_refresh_copy_ops: disabling CUDA graphs due to batch size > 1 [ffn_inp-0] [4096 512 1 1]
set_n_threads: n_threads = 32, n_threads_batch = 32
process_ubatch: start, gtype = 2, n_tokens = 512, can_reuse = 1
ggml_compute_forward_get_rows_f32: dst=inp_embd first4=0.00491333008 -0.0194091797 -0.0161132812 0.0119018555
check_node_graph_compatibility_and_refresh_copy_ops: disabling CUDA graphs due to batch size > 1 [ffn_inp-0] [4096 512 1 1]
llama_perf_context_print:        load time =    3507.59 ms
llama_perf_context_print: prompt eval time =       0.00 ms /  3072 tokens (    0.00 ms per token,      inf tokens per second)
llama_perf_context_print:        eval time =       0.00 ms /     1 runs   (    0.00 ms per token,      inf tokens per second)
llama_perf_context_print:       total time =    4335.37 ms /  3073 tokens
llama_perf_context_print:    graphs reused =          5
llama_context: constructing llama_context
llama_context: n_seq_max     = 1
llama_context: n_ctx         = 128
llama_context: n_ctx_per_seq = 128
llama_context: n_batch       = 128
llama_context: n_ubatch      = 128
llama_context: causal_attn   = 1
llama_context: flash_attn    = 0
llama_context: kv_unified    = true
llama_context: freq_base     = 1000000.0
llama_context: freq_scale    = 1
llama_context: n_ctx_per_seq (128) < n_ctx_train (40960) -- the full capacity of the model will not be utilized
set_abort_callback: call
llama_context:  CUDA_Host  output buffer size =     0.58 MiB
create_memory: n_ctx = 128 (padded)
llama_kv_cache_unified: layer   0: dev = CUDA0
llama_kv_cache_unified: layer   1: dev = CUDA0
llama_kv_cache_unified: layer   2: dev = CUDA0
llama_kv_cache_unified: layer   3: dev = CUDA0
llama_kv_cache_unified: layer   4: dev = CUDA0
llama_kv_cache_unified: layer   5: dev = CUDA0
llama_kv_cache_unified: layer   6: dev = CUDA0
llama_kv_cache_unified: layer   7: dev = CUDA0
llama_kv_cache_unified: layer   8: dev = CUDA0
llama_kv_cache_unified: layer   9: dev = CUDA0
llama_kv_cache_unified: layer  10: dev = CUDA0
llama_kv_cache_unified: layer  11: dev = CUDA0
llama_kv_cache_unified: layer  12: dev = CUDA0
llama_kv_cache_unified: layer  13: dev = CUDA0
llama_kv_cache_unified: layer  14: dev = CUDA0
llama_kv_cache_unified: layer  15: dev = CUDA0
llama_kv_cache_unified: layer  16: dev = CUDA0
llama_kv_cache_unified: layer  17: dev = CUDA0
llama_kv_cache_unified: layer  18: dev = CUDA0
llama_kv_cache_unified: layer  19: dev = CUDA0
llama_kv_cache_unified: layer  20: dev = CUDA0
llama_kv_cache_unified: layer  21: dev = CUDA0
llama_kv_cache_unified: layer  22: dev = CUDA0
llama_kv_cache_unified: layer  23: dev = CUDA0
llama_kv_cache_unified: layer  24: dev = CUDA0
llama_kv_cache_unified: layer  25: dev = CUDA0
llama_kv_cache_unified: layer  26: dev = CUDA0
llama_kv_cache_unified: layer  27: dev = CUDA0
llama_kv_cache_unified: layer  28: dev = CUDA0
llama_kv_cache_unified: layer  29: dev = CUDA0
llama_kv_cache_unified: layer  30: dev = CUDA0
llama_kv_cache_unified: layer  31: dev = CUDA0
llama_kv_cache_unified: layer  32: dev = CUDA0
llama_kv_cache_unified: layer  33: dev = CUDA0
llama_kv_cache_unified: layer  34: dev = CUDA0
llama_kv_cache_unified: layer  35: dev = CUDA0
llama_kv_cache_unified:      CUDA0 KV buffer size =    12.67 MiB
llama_kv_cache_unified: size =   11.53 MiB (   128 cells,  36 layers,  1/1 seqs), K (f16):    9.00 MiB, V (nvfp4):    2.53 MiB
llama_context: enumerating backends
llama_context: backend_ptrs.size() = 2
llama_context: max_nodes = 7800
llama_context: worst-case: n_tokens = 128, n_seqs = 1, n_outputs = 0
graph_reserve: reserving a graph for ubatch with n_tokens =  128, n_seqs =  1, n_outputs =  128
ggml_gallocr_reserve_n: reallocating CUDA0 buffer from size 0.00 MiB to 76.19 MiB
ggml_gallocr_reserve_n: reallocating CUDA_Host buffer from size 0.00 MiB to 2.13 MiB
graph_reserve: reserving a graph for ubatch with n_tokens =    1, n_seqs =  1, n_outputs =    1
graph_reserve: reserving a graph for ubatch with n_tokens =  128, n_seqs =  1, n_outputs =  128
llama_context:      CUDA0 compute buffer size =    76.19 MiB
llama_context:  CUDA_Host compute buffer size =     2.13 MiB
llama_context: graph nodes  = 1446
llama_context: graph splits = 2
attach_threadpool: call
set_n_threads: n_threads = 32, n_threads_batch = 32
process_ubatch: start, gtype = 2, n_tokens = 1, can_reuse = 0
ggml_compute_forward_get_rows_f32: dst=inp_embd first4=-0.029296875 -0.0106811523 0.00372314453 0.014831543
set_n_threads: n_threads = 32, n_threads_batch = 32
process_ubatch: start, gtype = 2, n_tokens = 1, can_reuse = 1
ggml_compute_forward_get_rows_f32: dst=inp_embd first4=0.015625 0.00662231445 0.00396728516 0.00328063965
process_ubatch: start, gtype = 2, n_tokens = 1, can_reuse = 1
ggml_compute_forward_get_rows_f32: dst=inp_embd first4=-0.0102539062 0.0480957031 -0.014465332 -0.0104980469
process_ubatch: start, gtype = 2, n_tokens = 1, can_reuse = 1
ggml_compute_forward_get_rows_f32: dst=inp_embd first4=0.0239257812 -0.0286865234 -0.00723266602 0.0366210938
process_ubatch: start, gtype = 2, n_tokens = 1, can_reuse = 1
ggml_compute_forward_get_rows_f32: dst=inp_embd first4=0.00576782227 0.0158691406 0.0385742188 0.0233154297
process_ubatch: start, gtype = 2, n_tokens = 1, can_reuse = 1
ggml_compute_forward_get_rows_f32: dst=inp_embd first4=0.0103149414 0.0078125 0.0115356445 -0.00267028809
process_ubatch: start, gtype = 2, n_tokens = 1, can_reuse = 1
ggml_compute_forward_get_rows_f32: dst=inp_embd first4=0.0135498047 0.0220947266 -0.0150146484 0.0354003906
process_ubatch: start, gtype = 2, n_tokens = 1, can_reuse = 1
ggml_compute_forward_get_rows_f32: dst=inp_embd first4=0.0190429688 -0.0117797852 0.0147094727 -0.0118408203
process_ubatch: start, gtype = 2, n_tokens = 1, can_reuse = 1
ggml_compute_forward_get_rows_f32: dst=inp_embd first4=0.0451660156 -0.0703125 0.0200195312 0.00378417969
process_ubatch: start, gtype = 2, n_tokens = 1, can_reuse = 1
ggml_compute_forward_get_rows_f32: dst=inp_embd first4=-0.0311279297 0.00915527344 -0.009765625 -0.0185546875
process_ubatch: start, gtype = 2, n_tokens = 1, can_reuse = 1
ggml_compute_forward_get_rows_f32: dst=inp_embd first4=-0.00198364258 -0.00732421875 0.00247192383 -0.00347900391
process_ubatch: start, gtype = 2, n_tokens = 1, can_reuse = 1
ggml_compute_forward_get_rows_f32: dst=inp_embd first4=0.00860595703 -0.0109863281 -0.00830078125 -0.00830078125
process_ubatch: start, gtype = 2, n_tokens = 1, can_reuse = 1
ggml_compute_forward_get_rows_f32: dst=inp_embd first4=0.00921630859 0.0147705078 -0.0216064453 0.0116577148
process_ubatch: start, gtype = 2, n_tokens = 1, can_reuse = 1
ggml_compute_forward_get_rows_f32: dst=inp_embd first4=-0.0211181641 0.0485839844 -0.0279541016 -0.0341796875
process_ubatch: start, gtype = 2, n_tokens = 1, can_reuse = 1
ggml_compute_forward_get_rows_f32: dst=inp_embd first4=0.0233154297 0.00595092773 0.00151062012 0.0152587891
process_ubatch: start, gtype = 2, n_tokens = 1, can_reuse = 1
ggml_compute_forward_get_rows_f32: dst=inp_embd first4=0.00415039062 0.048828125 -0.00546264648 0.052734375
process_ubatch: start, gtype = 2, n_tokens = 1, can_reuse = 1
ggml_compute_forward_get_rows_f32: dst=inp_embd first4=0.00534057617 0.00921630859 0.0155639648 -0.00524902344
process_ubatch: start, gtype = 2, n_tokens = 1, can_reuse = 0
ggml_compute_forward_get_rows_f32: dst=inp_embd first4=0.0395507812 -0.000820159912 -0.0327148438 0.0317382812
update_cuda_graph_executable: CUDA graph update failed
process_ubatch: start, gtype = 2, n_tokens = 1, can_reuse = 1
ggml_compute_forward_get_rows_f32: dst=inp_embd first4=-0.0132446289 -0.0180664062 0.03125 0.0269775391
process_ubatch: start, gtype = 2, n_tokens = 1, can_reuse = 1
ggml_compute_forward_get_rows_f32: dst=inp_embd first4=0.00659179688 -0.0242919922 -0.0549316406 0.000453948975
process_ubatch: start, gtype = 2, n_tokens = 1, can_reuse = 1
ggml_compute_forward_get_rows_f32: dst=inp_embd first4=-0.00448608398 -0.0233154297 -0.00570678711 -0.0155639648
process_ubatch: start, gtype = 2, n_tokens = 1, can_reuse = 1
ggml_compute_forward_get_rows_f32: dst=inp_embd first4=-0.0263671875 -0.0419921875 0.00695800781 -0.0173339844
process_ubatch: start, gtype = 2, n_tokens = 1, can_reuse = 1
ggml_compute_forward_get_rows_f32: dst=inp_embd first4=-0.0191650391 -0.00854492188 -0.0400390625 0.0380859375
process_ubatch: start, gtype = 2, n_tokens = 1, can_reuse = 1
ggml_compute_forward_get_rows_f32: dst=inp_embd first4=0.0217285156 -0.0336914062 -0.0200195312 -0.0103759766
process_ubatch: start, gtype = 2, n_tokens = 1, can_reuse = 1
ggml_compute_forward_get_rows_f32: dst=inp_embd first4=0.00212097168 0.0417480469 0.0170898438 -0.0200195312
process_ubatch: start, gtype = 2, n_tokens = 1, can_reuse = 1
ggml_compute_forward_get_rows_f32: dst=inp_embd first4=-0.0151367188 -0.0590820312 -0.00340270996 0.0150146484
process_ubatch: start, gtype = 2, n_tokens = 1, can_reuse = 1
ggml_compute_forward_get_rows_f32: dst=inp_embd first4=0.001121521 -0.00485229492 -0.0102539062 -0.00276184082
process_ubatch: start, gtype = 2, n_tokens = 1, can_reuse = 1
ggml_compute_forward_get_rows_f32: dst=inp_embd first4=-0.00224304199 -0.0087890625 0.0026550293 0.00317382812
process_ubatch: start, gtype = 2, n_tokens = 1, can_reuse = 1
ggml_compute_forward_get_rows_f32: dst=inp_embd first4=-0.0111694336 -7.39097595e-05 -0.0216064453 0.0308837891
process_ubatch: start, gtype = 2, n_tokens = 1, can_reuse = 1
ggml_compute_forward_get_rows_f32: dst=inp_embd first4=0.00958251953 -0.012512207 0.0186767578 0.0117797852
process_ubatch: start, gtype = 2, n_tokens = 1, can_reuse = 1
ggml_compute_forward_get_rows_f32: dst=inp_embd first4=-0.0297851562 0.0140991211 -0.064453125 -0.00485229492
process_ubatch: start, gtype = 2, n_tokens = 1, can_reuse = 1
ggml_compute_forward_get_rows_f32: dst=inp_embd first4=-0.00305175781 -0.00714111328 -0.0485839844 0.0223388672
process_ubatch: start, gtype = 2, n_tokens = 1, can_reuse = 1
ggml_compute_forward_get_rows_f32: dst=inp_embd first4=0.0451660156 -0.00601196289 -0.0121459961 0.0209960938
process_ubatch: start, gtype = 2, n_tokens = 1, can_reuse = 0
ggml_compute_forward_get_rows_f32: dst=inp_embd first4=0.00190734863 -0.00104522705 0.0119018555 -0.0229492188
process_ubatch: start, gtype = 2, n_tokens = 1, can_reuse = 1
ggml_compute_forward_get_rows_f32: dst=inp_embd first4=-0.0145874023 0.0196533203 -0.000461578369 0.0341796875
process_ubatch: start, gtype = 2, n_tokens = 1, can_reuse = 1
ggml_compute_forward_get_rows_f32: dst=inp_embd first4=0.000823974609 0.0167236328 -0.0166015625 0.0142211914
process_ubatch: start, gtype = 2, n_tokens = 1, can_reuse = 1
ggml_compute_forward_get_rows_f32: dst=inp_embd first4=0.00708007812 -0.00387573242 -0.0189208984 0.00891113281
process_ubatch: start, gtype = 2, n_tokens = 1, can_reuse = 1
ggml_compute_forward_get_rows_f32: dst=inp_embd first4=0.00263977051 -0.00390625 0.0339355469 -0.0123291016
process_ubatch: start, gtype = 2, n_tokens = 1, can_reuse = 1
ggml_compute_forward_get_rows_f32: dst=inp_embd first4=0.0277099609 0.0150146484 0.0257568359 0.00732421875
process_ubatch: start, gtype = 2, n_tokens = 1, can_reuse = 1
ggml_compute_forward_get_rows_f32: dst=inp_embd first4=0.0163574219 0.00302124023 -0.0184326172 0.0114746094
process_ubatch: start, gtype = 2, n_tokens = 1, can_reuse = 1
ggml_compute_forward_get_rows_f32: dst=inp_embd first4=0.0294189453 -0.00561523438 -0.00604248047 0.00210571289
process_ubatch: start, gtype = 2, n_tokens = 1, can_reuse = 1
ggml_compute_forward_get_rows_f32: dst=inp_embd first4=0.0239257812 0.0169677734 0.0412597656 -0.0173339844
process_ubatch: start, gtype = 2, n_tokens = 1, can_reuse = 1
ggml_compute_forward_get_rows_f32: dst=inp_embd first4=0.0216064453 -0.0203857422 -0.0405273438 0.00762939453
process_ubatch: start, gtype = 2, n_tokens = 1, can_reuse = 1
ggml_compute_forward_get_rows_f32: dst=inp_embd first4=0.0212402344 -0.001121521 0.0078125 -0.000499725342
process_ubatch: start, gtype = 2, n_tokens = 1, can_reuse = 1
ggml_compute_forward_get_rows_f32: dst=inp_embd first4=0.00634765625 0.0103149414 -0.0026550293 0.00903320312
process_ubatch: start, gtype = 2, n_tokens = 1, can_reuse = 1
ggml_compute_forward_get_rows_f32: dst=inp_embd first4=-0.00793457031 -0.00354003906 0.0116577148 -0.00921630859
process_ubatch: start, gtype = 2, n_tokens = 1, can_reuse = 1
ggml_compute_forward_get_rows_f32: dst=inp_embd first4=-0.0216064453 -0.0027923584 -0.00262451172 0.00970458984
process_ubatch: start, gtype = 2, n_tokens = 1, can_reuse = 1
ggml_compute_forward_get_rows_f32: dst=inp_embd first4=-0.00127410889 0.03515625 -0.00244140625 0.02734375
process_ubatch: start, gtype = 2, n_tokens = 1, can_reuse = 1
ggml_compute_forward_get_rows_f32: dst=inp_embd first4=-0.0649414062 0.0149536133 0.0260009766 0.00531005859
process_ubatch: start, gtype = 2, n_tokens = 1, can_reuse = 0
ggml_compute_forward_get_rows_f32: dst=inp_embd first4=0.0183105469 0.0155029297 -0.0101318359 -0.0317382812
process_ubatch: start, gtype = 2, n_tokens = 1, can_reuse = 1
ggml_compute_forward_get_rows_f32: dst=inp_embd first4=0.021484375 0.0167236328 0.0595703125 0.0196533203
process_ubatch: start, gtype = 2, n_tokens = 1, can_reuse = 1
ggml_compute_forward_get_rows_f32: dst=inp_embd first4=-0.00212097168 0.00668334961 0.0235595703 -0.0109863281
process_ubatch: start, gtype = 2, n_tokens = 1, can_reuse = 1
ggml_compute_forward_get_rows_f32: dst=inp_embd first4=-0.0308837891 -0.0230712891 0.0030670166 0.0207519531
process_ubatch: start, gtype = 2, n_tokens = 1, can_reuse = 1
ggml_compute_forward_get_rows_f32: dst=inp_embd first4=-0.00119018555 -0.0046081543 0.00399780273 -0.00482177734
process_ubatch: start, gtype = 2, n_tokens = 1, can_reuse = 1
ggml_compute_forward_get_rows_f32: dst=inp_embd first4=-0.00108337402 0.00677490234 -0.000467300415 -0.00952148438
process_ubatch: start, gtype = 2, n_tokens = 1, can_reuse = 1
ggml_compute_forward_get_rows_f32: dst=inp_embd first4=-0.0358886719 -0.0358886719 0.00128173828 -0.00256347656
process_ubatch: start, gtype = 2, n_tokens = 1, can_reuse = 1
ggml_compute_forward_get_rows_f32: dst=inp_embd first4=0.0211181641 0.0132446289 0.0190429688 -0.0128173828
process_ubatch: start, gtype = 2, n_tokens = 1, can_reuse = 1
ggml_compute_forward_get_rows_f32: dst=inp_embd first4=-0.0100708008 0.0103149414 0.0393066406 -0.076171875
process_ubatch: start, gtype = 2, n_tokens = 1, can_reuse = 1
ggml_compute_forward_get_rows_f32: dst=inp_embd first4=-0.0150756836 0.0157470703 -0.0344238281 -0.01171875
process_ubatch: start, gtype = 2, n_tokens = 1, can_reuse = 1
ggml_compute_forward_get_rows_f32: dst=inp_embd first4=0.0183105469 0.00378417969 -0.0205078125 -0.0247802734
process_ubatch: start, gtype = 2, n_tokens = 1, can_reuse = 1
ggml_compute_forward_get_rows_f32: dst=inp_embd first4=0.000854492188 -0.0294189453 -0.0192871094 0.0247802734
process_ubatch: start, gtype = 2, n_tokens = 1, can_reuse = 1
ggml_compute_forward_get_rows_f32: dst=inp_embd first4=-0.00103759766 -0.00662231445 0.0505371094 -0.00109100342
process_ubatch: start, gtype = 2, n_tokens = 1, can_reuse = 1
ggml_compute_forward_get_rows_f32: dst=inp_embd first4=-0.0263671875 0.068359375 -0.00695800781 0.00375366211
process_ubatch: start, gtype = 2, n_tokens = 1, can_reuse = 1
ggml_compute_forward_get_rows_f32: dst=inp_embd first4=-0.0168457031 0.0299072266 -0.0327148438 0.0203857422
process_ubatch: start, gtype = 2, n_tokens = 1, can_reuse = 1
ggml_compute_forward_get_rows_f32: dst=inp_embd first4=-0.00866699219 0.00625610352 0.0366210938 0.015625
process_ubatch: start, gtype = 2, n_tokens = 1, can_reuse = 0
ggml_compute_forward_get_rows_f32: dst=inp_embd first4=0.0272216797 -0.0178222656 0.0317382812 -0.0231933594
process_ubatch: start, gtype = 2, n_tokens = 1, can_reuse = 1
ggml_compute_forward_get_rows_f32: dst=inp_embd first4=0.0349121094 -0.0375976562 -0.0437011719 0.0336914062
process_ubatch: start, gtype = 2, n_tokens = 1, can_reuse = 1
ggml_compute_forward_get_rows_f32: dst=inp_embd first4=0.012512207 0.00302124023 0.0151367188 0.00897216797
process_ubatch: start, gtype = 2, n_tokens = 1, can_reuse = 1
ggml_compute_forward_get_rows_f32: dst=inp_embd first4=0.0146484375 -0.0300292969 0.0157470703 0.00454711914
process_ubatch: start, gtype = 2, n_tokens = 1, can_reuse = 1
ggml_compute_forward_get_rows_f32: dst=inp_embd first4=-0.0163574219 -0.00616455078 0.0166015625 -0.00202941895
process_ubatch: start, gtype = 2, n_tokens = 1, can_reuse = 1
ggml_compute_forward_get_rows_f32: dst=inp_embd first4=0.00964355469 0.0274658203 0.0137329102 0.0196533203
process_ubatch: start, gtype = 2, n_tokens = 1, can_reuse = 1
ggml_compute_forward_get_rows_f32: dst=inp_embd first4=-0.00662231445 -0.0119628906 -0.025390625 -0.0111083984
process_ubatch: start, gtype = 2, n_tokens = 1, can_reuse = 1
ggml_compute_forward_get_rows_f32: dst=inp_embd first4=0.0153808594 -0.0217285156 -0.0167236328 0.0192871094
process_ubatch: start, gtype = 2, n_tokens = 1, can_reuse = 1
ggml_compute_forward_get_rows_f32: dst=inp_embd first4=-0.00805664062 0.06640625 0.00836181641 0.0234375
process_ubatch: start, gtype = 2, n_tokens = 1, can_reuse = 1
ggml_compute_forward_get_rows_f32: dst=inp_embd first4=-0.0140380859 0.0216064453 0.00573730469 0.014465332
process_ubatch: start, gtype = 2, n_tokens = 1, can_reuse = 1
ggml_compute_forward_get_rows_f32: dst=inp_embd first4=0.0229492188 -0.0185546875 0.0451660156 0.0356445312
process_ubatch: start, gtype = 2, n_tokens = 1, can_reuse = 1
ggml_compute_forward_get_rows_f32: dst=inp_embd first4=-0.00933837891 -0.03125 -0.0189208984 0.00430297852
process_ubatch: start, gtype = 2, n_tokens = 1, can_reuse = 1
ggml_compute_forward_get_rows_f32: dst=inp_embd first4=0.000176429749 0.00140380859 0.000904083252 0.00402832031
process_ubatch: start, gtype = 2, n_tokens = 1, can_reuse = 1
ggml_compute_forward_get_rows_f32: dst=inp_embd first4=0.00302124023 0.0104980469 -0.000345230103 0.00543212891
process_ubatch: start, gtype = 2, n_tokens = 1, can_reuse = 1
ggml_compute_forward_get_rows_f32: dst=inp_embd first4=0.010559082 0.0322265625 0.000659942627 0.0200195312
process_ubatch: start, gtype = 2, n_tokens = 1, can_reuse = 1
ggml_compute_forward_get_rows_f32: dst=inp_embd first4=0.00312805176 -0.0257568359 0.0400390625 -0.00872802734
process_ubatch: start, gtype = 2, n_tokens = 1, can_reuse = 0
ggml_compute_forward_get_rows_f32: dst=inp_embd first4=-0.0189208984 0.0167236328 -0.0250244141 0.00546264648
process_ubatch: start, gtype = 2, n_tokens = 1, can_reuse = 1
ggml_compute_forward_get_rows_f32: dst=inp_embd first4=0.00994873047 -0.0133666992 0.00787353516 -0.00116729736
process_ubatch: start, gtype = 2, n_tokens = 1, can_reuse = 1
ggml_compute_forward_get_rows_f32: dst=inp_embd first4=0.00080871582 -0.0561523438 -0.0383300781 0.00598144531
process_ubatch: start, gtype = 2, n_tokens = 1, can_reuse = 1
ggml_compute_forward_get_rows_f32: dst=inp_embd first4=0.0238037109 0.0164794922 0.0196533203 -0.0249023438
process_ubatch: start, gtype = 2, n_tokens = 1, can_reuse = 1
ggml_compute_forward_get_rows_f32: dst=inp_embd first4=-0.0131225586 -0.00344848633 -0.0218505859 -0.0220947266
process_ubatch: start, gtype = 2, n_tokens = 1, can_reuse = 1
ggml_compute_forward_get_rows_f32: dst=inp_embd first4=0.0583496094 0.0121459961 -0.0361328125 -0.0190429688
process_ubatch: start, gtype = 2, n_tokens = 1, can_reuse = 1
ggml_compute_forward_get_rows_f32: dst=inp_embd first4=0.07421875 0.00500488281 -0.0087890625 -0.0268554688
process_ubatch: start, gtype = 2, n_tokens = 1, can_reuse = 1
ggml_compute_forward_get_rows_f32: dst=inp_embd first4=0.0123901367 -0.0161132812 -0.0166015625 -0.00500488281
process_ubatch: start, gtype = 2, n_tokens = 1, can_reuse = 1
ggml_compute_forward_get_rows_f32: dst=inp_embd first4=0.00154876709 -0.0190429688 -0.0202636719 -0.025390625
process_ubatch: start, gtype = 2, n_tokens = 1, can_reuse = 1
ggml_compute_forward_get_rows_f32: dst=inp_embd first4=-0.0257568359 0.00315856934 -0.0180664062 0.0170898438
process_ubatch: start, gtype = 2, n_tokens = 1, can_reuse = 1
ggml_compute_forward_get_rows_f32: dst=inp_embd first4=0.0278320312 -0.00601196289 -0.0412597656 0.0138549805
process_ubatch: start, gtype = 2, n_tokens = 1, can_reuse = 1
ggml_compute_forward_get_rows_f32: dst=inp_embd first4=0.0224609375 0.00479125977 -0.0233154297 0.0135498047
process_ubatch: start, gtype = 2, n_tokens = 1, can_reuse = 1
ggml_compute_forward_get_rows_f32: dst=inp_embd first4=0.0154418945 0.0112304688 0.0454101562 -0.0213623047
process_ubatch: start, gtype = 2, n_tokens = 1, can_reuse = 1
ggml_compute_forward_get_rows_f32: dst=inp_embd first4=0.00534057617 -0.0111694336 0.00466918945 -0.0422363281
process_ubatch: start, gtype = 2, n_tokens = 1, can_reuse = 1
ggml_compute_forward_get_rows_f32: dst=inp_embd first4=0.000926971436 0.0373535156 -0.0101928711 -0.00030708313
process_ubatch: start, gtype = 2, n_tokens = 1, can_reuse = 1
ggml_compute_forward_get_rows_f32: dst=inp_embd first4=0.0236816406 0.0109863281 -0.00860595703 -0.0132446289
process_ubatch: start, gtype = 2, n_tokens = 1, can_reuse = 0
ggml_compute_forward_get_rows_f32: dst=inp_embd first4=-0.0180664062 0.0108642578 0.0224609375 -0.0186767578
process_ubatch: start, gtype = 2, n_tokens = 1, can_reuse = 1
ggml_compute_forward_get_rows_f32: dst=inp_embd first4=0.0502929688 0.0046081543 0.0151977539 0.0218505859
process_ubatch: start, gtype = 2, n_tokens = 1, can_reuse = 1
ggml_compute_forward_get_rows_f32: dst=inp_embd first4=-0.0159912109 -0.0189208984 -0.00897216797 0.0238037109
process_ubatch: start, gtype = 2, n_tokens = 1, can_reuse = 1
ggml_compute_forward_get_rows_f32: dst=inp_embd first4=-0.0183105469 0.0150146484 0.0388183594 0.00172424316
process_ubatch: start, gtype = 2, n_tokens = 1, can_reuse = 1
ggml_compute_forward_get_rows_f32: dst=inp_embd first4=0.033203125 0.0127563477 -0.044921875 -0.0170898438
process_ubatch: start, gtype = 2, n_tokens = 1, can_reuse = 1
ggml_compute_forward_get_rows_f32: dst=inp_embd first4=-0.046875 0.0122680664 0.0167236328 -0.00263977051
process_ubatch: start, gtype = 2, n_tokens = 1, can_reuse = 1
ggml_compute_forward_get_rows_f32: dst=inp_embd first4=-0.0125732422 0.0242919922 0.00354003906 0.0224609375
process_ubatch: start, gtype = 2, n_tokens = 1, can_reuse = 1
ggml_compute_forward_get_rows_f32: dst=inp_embd first4=-0.00323486328 0.0324707031 0.005859375 -0.00842285156
process_ubatch: start, gtype = 2, n_tokens = 1, can_reuse = 1
ggml_compute_forward_get_rows_f32: dst=inp_embd first4=0.0174560547 -0.000228881836 0.00445556641 -0.0122070312
process_ubatch: start, gtype = 2, n_tokens = 1, can_reuse = 1
ggml_compute_forward_get_rows_f32: dst=inp_embd first4=0.00198364258 0.000128746033 0.000227928162 5.05447388e-05
process_ubatch: start, gtype = 2, n_tokens = 1, can_reuse = 1
ggml_compute_forward_get_rows_f32: dst=inp_embd first4=-0.0107421875 0.0324707031 0.00436401367 0.00212097168
process_ubatch: start, gtype = 2, n_tokens = 1, can_reuse = 1
ggml_compute_forward_get_rows_f32: dst=inp_embd first4=0.0563964844 0.012512207 -0.0170898438 0.00321960449
process_ubatch: start, gtype = 2, n_tokens = 1, can_reuse = 1
ggml_compute_forward_get_rows_f32: dst=inp_embd first4=0.00141143799 -0.0158691406 -0.0412597656 -0.0368652344
process_ubatch: start, gtype = 2, n_tokens = 1, can_reuse = 1
ggml_compute_forward_get_rows_f32: dst=inp_embd first4=-0.0274658203 -0.0544433594 0.0274658203 0.0524902344
process_ubatch: start, gtype = 2, n_tokens = 1, can_reuse = 1
ggml_compute_forward_get_rows_f32: dst=inp_embd first4=-0.0180664062 -0.0216064453 -0.00358581543 -0.0145874023
process_ubatch: start, gtype = 2, n_tokens = 1, can_reuse = 1
ggml_compute_forward_get_rows_f32: dst=inp_embd first4=0.0277099609 0.00259399414 0.0196533203 -0.00527954102
process_ubatch: start, gtype = 2, n_tokens = 1, can_reuse = 0
ggml_compute_forward_get_rows_f32: dst=inp_embd first4=0.0446777344 0.0339355469 0.0213623047 0.00013923645
process_ubatch: start, gtype = 2, n_tokens = 1, can_reuse = 1
ggml_compute_forward_get_rows_f32: dst=inp_embd first4=-0.02734375 0.0456542969 -0.00946044922 0.0239257812
process_ubatch: start, gtype = 2, n_tokens = 1, can_reuse = 1
ggml_compute_forward_get_rows_f32: dst=inp_embd first4=-0.00567626953 -0.0180664062 -0.0103149414 -0.0117797852
process_ubatch: start, gtype = 2, n_tokens = 1, can_reuse = 1
ggml_compute_forward_get_rows_f32: dst=inp_embd first4=0.0363769531 0.0368652344 -0.00262451172 0.017578125
process_ubatch: start, gtype = 2, n_tokens = 1, can_reuse = 1
ggml_compute_forward_get_rows_f32: dst=inp_embd first4=-0.0186767578 -0.0115966797 -0.00343322754 0.0202636719
process_ubatch: start, gtype = 2, n_tokens = 1, can_reuse = 1
ggml_compute_forward_get_rows_f32: dst=inp_embd first4=-0.02734375 0.0151367188 -0.00946044922 -0.00659179688
process_ubatch: start, gtype = 2, n_tokens = 1, can_reuse = 1
ggml_compute_forward_get_rows_f32: dst=inp_embd first4=0.0322265625 -0.000467300415 -0.0103149414 -0.0202636719
process_ubatch: start, gtype = 2, n_tokens = 1, can_reuse = 1
ggml_compute_forward_get_rows_f32: dst=inp_embd first4=-0.0122680664 -0.015625 0.00646972656 -0.03125
process_ubatch: start, gtype = 2, n_tokens = 1, can_reuse = 1
ggml_compute_forward_get_rows_f32: dst=inp_embd first4=0.00729370117 0.0114746094 -0.0153198242 -0.00393676758
process_ubatch: start, gtype = 2, n_tokens = 1, can_reuse = 1
ggml_compute_forward_get_rows_f32: dst=inp_embd first4=-0.0241699219 0.00720214844 0.0400390625 -0.00939941406
process_ubatch: start, gtype = 2, n_tokens = 1, can_reuse = 1
ggml_compute_forward_get_rows_f32: dst=inp_embd first4=0.0541992188 0.014831543 0.0395507812 0.0380859375
process_ubatch: start, gtype = 2, n_tokens = 1, can_reuse = 1
ggml_compute_forward_get_rows_f32: dst=inp_embd first4=-0.033203125 0.0261230469 0.00982666016 0.0263671875
process_ubatch: start, gtype = 2, n_tokens = 1, can_reuse = 1
ggml_compute_forward_get_rows_f32: dst=inp_embd first4=-0.0141601562 -0.00156402588 -0.000846862793 -0.0163574219
process_ubatch: start, gtype = 2, n_tokens = 1, can_reuse = 1
ggml_compute_forward_get_rows_f32: dst=inp_embd first4=-0.0289306641 -0.00643920898 0.0267333984 0.0241699219
process_ubatch: start, gtype = 2, n_tokens = 1, can_reuse = 1
ggml_compute_forward_get_rows_f32: dst=inp_embd first4=0.0231933594 -0.0322265625 -0.0517578125 0.00799560547
process_ubatch: start, gtype = 2, n_tokens = 1, can_reuse = 1
ggml_compute_forward_get_rows_f32: dst=inp_embd first4=-0.0113525391 0.0216064453 -0.0134887695 -0.00622558594
set_n_threads: n_threads = 32, n_threads_batch = 32
process_ubatch: start, gtype = 2, n_tokens = 1, can_reuse = 0
ggml_compute_forward_get_rows_f32: dst=inp_embd first4=0.0235595703 0.0227050781 0.00576782227 0.0123901367
process_ubatch: start, gtype = 2, n_tokens = 1, can_reuse = 1
ggml_compute_forward_get_rows_f32: dst=inp_embd first4=0.0194091797 0.021484375 -0.0319824219 -0.0493164062
process_ubatch: start, gtype = 2, n_tokens = 1, can_reuse = 1
ggml_compute_forward_get_rows_f32: dst=inp_embd first4=-0.0212402344 -0.00427246094 -0.00321960449 -0.00521850586
process_ubatch: start, gtype = 2, n_tokens = 1, can_reuse = 1
ggml_compute_forward_get_rows_f32: dst=inp_embd first4=-0.0108642578 0.0289306641 -0.00393676758 0.0115356445
process_ubatch: start, gtype = 2, n_tokens = 1, can_reuse = 1
ggml_compute_forward_get_rows_f32: dst=inp_embd first4=-0.0124511719 0.0252685547 -0.00982666016 -0.00134277344
process_ubatch: start, gtype = 2, n_tokens = 1, can_reuse = 1
ggml_compute_forward_get_rows_f32: dst=inp_embd first4=0.0179443359 -0.00677490234 0.00256347656 0.0106811523
process_ubatch: start, gtype = 2, n_tokens = 1, can_reuse = 1
ggml_compute_forward_get_rows_f32: dst=inp_embd first4=-0.00631713867 0.0203857422 -0.00340270996 -0.00173950195
process_ubatch: start, gtype = 2, n_tokens = 1, can_reuse = 1
ggml_compute_forward_get_rows_f32: dst=inp_embd first4=-0.00102233887 0.00476074219 -0.0173339844 -0.00531005859
process_ubatch: start, gtype = 2, n_tokens = 1, can_reuse = 1
ggml_compute_forward_get_rows_f32: dst=inp_embd first4=0.0132446289 -0.00582885742 -0.076171875 0.00665283203
process_ubatch: start, gtype = 2, n_tokens = 1, can_reuse = 1
ggml_compute_forward_get_rows_f32: dst=inp_embd first4=-0.0071105957 -0.0180664062 -0.0173339844 -0.0187988281
process_ubatch: start, gtype = 2, n_tokens = 1, can_reuse = 1
ggml_compute_forward_get_rows_f32: dst=inp_embd first4=0.0180664062 -0.0284423828 -0.00408935547 0.000732421875
process_ubatch: start, gtype = 2, n_tokens = 1, can_reuse = 1
ggml_compute_forward_get_rows_f32: dst=inp_embd first4=0.000522613525 -0.087890625 -0.00155639648 -0.00952148438
process_ubatch: start, gtype = 2, n_tokens = 1, can_reuse = 1
ggml_compute_forward_get_rows_f32: dst=inp_embd first4=0.0300292969 -0.0329589844 -0.00659179688 0.0289306641
process_ubatch: start, gtype = 2, n_tokens = 1, can_reuse = 1
ggml_compute_forward_get_rows_f32: dst=inp_embd first4=-0.00277709961 -0.0208740234 0.0140991211 -0.00616455078
process_ubatch: start, gtype = 2, n_tokens = 1, can_reuse = 1
ggml_compute_forward_get_rows_f32: dst=inp_embd first4=-0.00628662109 0.012512207 0.00622558594 -0.0278320312
process_ubatch: start, gtype = 2, n_tokens = 1, can_reuse = 1
ggml_compute_forward_get_rows_f32: dst=inp_embd first4=0.00112915039 -0.0122070312 -0.029296875 0.00023651123
process_ubatch: start, gtype = 2, n_tokens = 1, can_reuse = 0
ggml_compute_forward_get_rows_f32: dst=inp_embd first4=-0.0284423828 0.0225830078 0.000644683838 0.0179443359
process_ubatch: start, gtype = 2, n_tokens = 1, can_reuse = 1
ggml_compute_forward_get_rows_f32: dst=inp_embd first4=0.0141601562 -0.0260009766 0.0471191406 -0.00994873047
process_ubatch: start, gtype = 2, n_tokens = 1, can_reuse = 1
ggml_compute_forward_get_rows_f32: dst=inp_embd first4=-0.00115203857 -0.0297851562 -0.0258789062 0.037109375
process_ubatch: start, gtype = 2, n_tokens = 1, can_reuse = 1
ggml_compute_forward_get_rows_f32: dst=inp_embd first4=-0.0184326172 -0.00909423828 0.0373535156 0.025390625
process_ubatch: start, gtype = 2, n_tokens = 1, can_reuse = 1
ggml_compute_forward_get_rows_f32: dst=inp_embd first4=-0.0419921875 -0.0344238281 -0.00531005859 -0.0071105957
process_ubatch: start, gtype = 2, n_tokens = 1, can_reuse = 1
ggml_compute_forward_get_rows_f32: dst=inp_embd first4=0.00915527344 -0.00389099121 0.0383300781 -0.0173339844
process_ubatch: start, gtype = 2, n_tokens = 1, can_reuse = 1
ggml_compute_forward_get_rows_f32: dst=inp_embd first4=-0.00933837891 0.00622558594 -0.0334472656 -0.00162506104
process_ubatch: start, gtype = 2, n_tokens = 1, can_reuse = 1
ggml_compute_forward_get_rows_f32: dst=inp_embd first4=-0.00909423828 0.00234985352 -0.00151062012 0.00756835938
process_ubatch: start, gtype = 2, n_tokens = 1, can_reuse = 1
ggml_compute_forward_get_rows_f32: dst=inp_embd first4=0.0344238281 0.0100708008 -0.00315856934 -0.0184326172
process_ubatch: start, gtype = 2, n_tokens = 1, can_reuse = 1
ggml_compute_forward_get_rows_f32: dst=inp_embd first4=-0.00561523438 -0.0108032227 0.0285644531 0.0022277832
process_ubatch: start, gtype = 2, n_tokens = 1, can_reuse = 1
ggml_compute_forward_get_rows_f32: dst=inp_embd first4=0.0314941406 0.00854492188 0.0198974609 0.00921630859
process_ubatch: start, gtype = 2, n_tokens = 1, can_reuse = 1
ggml_compute_forward_get_rows_f32: dst=inp_embd first4=0.0307617188 -0.0201416016 -0.0151977539 -0.0181884766
process_ubatch: start, gtype = 2, n_tokens = 1, can_reuse = 1
ggml_compute_forward_get_rows_f32: dst=inp_embd first4=0.0344238281 0.0131225586 0.0211181641 0.00387573242
process_ubatch: start, gtype = 2, n_tokens = 1, can_reuse = 1
ggml_compute_forward_get_rows_f32: dst=inp_embd first4=-0.0100708008 0.0167236328 0.0250244141 0.0150756836
process_ubatch: start, gtype = 2, n_tokens = 1, can_reuse = 1
ggml_compute_forward_get_rows_f32: dst=inp_embd first4=-0.0258789062 0.0205078125 -0.00964355469 0.0234375
process_ubatch: start, gtype = 2, n_tokens = 1, can_reuse = 1
ggml_compute_forward_get_rows_f32: dst=inp_embd first4=0.0306396484 0.00341796875 0.0194091797 0.0286865234
process_ubatch: start, gtype = 2, n_tokens = 1, can_reuse = 0
ggml_compute_forward_get_rows_f32: dst=inp_embd first4=0.00127410889 0.00442504883 -0.0150756836 -0.0163574219
process_ubatch: start, gtype = 2, n_tokens = 1, can_reuse = 1
ggml_compute_forward_get_rows_f32: dst=inp_embd first4=-0.0177001953 -0.0251464844 0.0390625 -0.0020904541
process_ubatch: start, gtype = 2, n_tokens = 1, can_reuse = 1
ggml_compute_forward_get_rows_f32: dst=inp_embd first4=-0.0102539062 -0.0239257812 -0.0119628906 -0.00260925293
process_ubatch: start, gtype = 2, n_tokens = 1, can_reuse = 1
ggml_compute_forward_get_rows_f32: dst=inp_embd first4=-0.00215148926 -0.0172119141 -0.00830078125 -0.00927734375
process_ubatch: start, gtype = 2, n_tokens = 1, can_reuse = 1
ggml_compute_forward_get_rows_f32: dst=inp_embd first4=3.12328339e-05 0.0126953125 0.00674438477 -0.0103149414
process_ubatch: start, gtype = 2, n_tokens = 1, can_reuse = 1
ggml_compute_forward_get_rows_f32: dst=inp_embd first4=0.0270996094 0.00988769531 -0.0161132812 -0.0157470703
process_ubatch: start, gtype = 2, n_tokens = 1, can_reuse = 1
ggml_compute_forward_get_rows_f32: dst=inp_embd first4=0.0239257812 -0.0495605469 0.033203125 0.00634765625
process_ubatch: start, gtype = 2, n_tokens = 1, can_reuse = 1
ggml_compute_forward_get_rows_f32: dst=inp_embd first4=0.00592041016 0.0228271484 -0.00165557861 0.0303955078
process_ubatch: start, gtype = 2, n_tokens = 1, can_reuse = 1
ggml_compute_forward_get_rows_f32: dst=inp_embd first4=0.0126953125 -0.00735473633 0.00836181641 -0.0419921875
process_ubatch: start, gtype = 2, n_tokens = 1, can_reuse = 1
ggml_compute_forward_get_rows_f32: dst=inp_embd first4=-0.041015625 0.0249023438 -0.0229492188 0.0264892578
process_ubatch: start, gtype = 2, n_tokens = 1, can_reuse = 1
ggml_compute_forward_get_rows_f32: dst=inp_embd first4=-0.0207519531 0.01953125 0.00367736816 -0.0220947266
process_ubatch: start, gtype = 2, n_tokens = 1, can_reuse = 1
ggml_compute_forward_get_rows_f32: dst=inp_embd first4=-0.0314941406 0.0571289062 0.00245666504 0.0231933594
process_ubatch: start, gtype = 2, n_tokens = 1, can_reuse = 1
ggml_compute_forward_get_rows_f32: dst=inp_embd first4=-0.00485229492 0.00646972656 0.00692749023 0.0120849609
process_ubatch: start, gtype = 2, n_tokens = 1, can_reuse = 1
ggml_compute_forward_get_rows_f32: dst=inp_embd first4=-0.013671875 0.0178222656 -0.00866699219 0.00695800781
process_ubatch: start, gtype = 2, n_tokens = 1, can_reuse = 1
ggml_compute_forward_get_rows_f32: dst=inp_embd first4=0.0280761719 -0.0267333984 -0.0302734375 0.0174560547
process_ubatch: start, gtype = 2, n_tokens = 1, can_reuse = 1
ggml_compute_forward_get_rows_f32: dst=inp_embd first4=-0.00463867188 0.00503540039 -0.0556640625 0.00741577148
process_ubatch: start, gtype = 2, n_tokens = 1, can_reuse = 0
ggml_compute_forward_get_rows_f32: dst=inp_embd first4=0.0023651123 0.0223388672 0.00338745117 -0.0245361328
process_ubatch: start, gtype = 2, n_tokens = 1, can_reuse = 1
ggml_compute_forward_get_rows_f32: dst=inp_embd first4=0.0402832031 -0.0279541016 0.0395507812 0.00454711914
process_ubatch: start, gtype = 2, n_tokens = 1, can_reuse = 1
ggml_compute_forward_get_rows_f32: dst=inp_embd first4=-0.0131225586 0.0120239258 -0.0224609375 0.0151977539
process_ubatch: start, gtype = 2, n_tokens = 1, can_reuse = 1
ggml_compute_forward_get_rows_f32: dst=inp_embd first4=-0.0139770508 -0.0302734375 0.00227355957 0.0385742188
process_ubatch: start, gtype = 2, n_tokens = 1, can_reuse = 1
ggml_compute_forward_get_rows_f32: dst=inp_embd first4=-0.00836181641 -0.000282287598 -0.00346374512 -0.0161132812
process_ubatch: start, gtype = 2, n_tokens = 1, can_reuse = 1
ggml_compute_forward_get_rows_f32: dst=inp_embd first4=0.00854492188 -0.00506591797 0.0102539062 -0.00823974609
process_ubatch: start, gtype = 2, n_tokens = 1, can_reuse = 1
ggml_compute_forward_get_rows_f32: dst=inp_embd first4=0.037109375 0.0141601562 0.0201416016 0.00218200684
process_ubatch: start, gtype = 2, n_tokens = 1, can_reuse = 1
ggml_compute_forward_get_rows_f32: dst=inp_embd first4=0.00970458984 0.00524902344 -0.0361328125 0.0220947266
process_ubatch: start, gtype = 2, n_tokens = 1, can_reuse = 1
ggml_compute_forward_get_rows_f32: dst=inp_embd first4=-0.0177001953 -0.0129394531 -0.0339355469 0.0233154297
process_ubatch: start, gtype = 2, n_tokens = 1, can_reuse = 1
ggml_compute_forward_get_rows_f32: dst=inp_embd first4=0.033203125 -0.0361328125 -0.000930786133 1.05500221e-05
process_ubatch: start, gtype = 2, n_tokens = 1, can_reuse = 1
ggml_compute_forward_get_rows_f32: dst=inp_embd first4=0.00297546387 0.00823974609 0.0159912109 -0.0260009766
process_ubatch: start, gtype = 2, n_tokens = 1, can_reuse = 1
ggml_compute_forward_get_rows_f32: dst=inp_embd first4=0.00146484375 0.0198974609 0.0126953125 -0.0751953125
process_ubatch: start, gtype = 2, n_tokens = 1, can_reuse = 1
ggml_compute_forward_get_rows_f32: dst=inp_embd first4=0.0030670166 0.0124511719 -0.00130462646 -0.0233154297
process_ubatch: start, gtype = 2, n_tokens = 1, can_reuse = 1
ggml_compute_forward_get_rows_f32: dst=inp_embd first4=-0.0133666992 -0.0390625 -0.0020904541 0.0217285156
process_ubatch: start, gtype = 2, n_tokens = 1, can_reuse = 1
ggml_compute_forward_get_rows_f32: dst=inp_embd first4=-0.0174560547 -0.0230712891 -0.0322265625 0.00173187256
process_ubatch: start, gtype = 2, n_tokens = 1, can_reuse = 1
ggml_compute_forward_get_rows_f32: dst=inp_embd first4=0.0903320312 0.0148925781 0.021484375 -0.03125
process_ubatch: start, gtype = 2, n_tokens = 1, can_reuse = 0
ggml_compute_forward_get_rows_f32: dst=inp_embd first4=-0.00708007812 -0.0236816406 -0.000129699707 0.0329589844
process_ubatch: start, gtype = 2, n_tokens = 1, can_reuse = 1
ggml_compute_forward_get_rows_f32: dst=inp_embd first4=-0.0167236328 0.0252685547 -0.0194091797 0.00952148438
process_ubatch: start, gtype = 2, n_tokens = 1, can_reuse = 1
ggml_compute_forward_get_rows_f32: dst=inp_embd first4=-0.0202636719 -0.00512695312 0.0122070312 0.0143432617
process_ubatch: start, gtype = 2, n_tokens = 1, can_reuse = 1
ggml_compute_forward_get_rows_f32: dst=inp_embd first4=-0.0169677734 0.0288085938 -0.0191650391 0.0334472656
process_ubatch: start, gtype = 2, n_tokens = 1, can_reuse = 1
ggml_compute_forward_get_rows_f32: dst=inp_embd first4=0.0211181641 0.00662231445 0.00497436523 0.0286865234
process_ubatch: start, gtype = 2, n_tokens = 1, can_reuse = 1
ggml_compute_forward_get_rows_f32: dst=inp_embd first4=0.00321960449 0.0075378418 -0.00741577148 0.0339355469
process_ubatch: start, gtype = 2, n_tokens = 1, can_reuse = 1
ggml_compute_forward_get_rows_f32: dst=inp_embd first4=0.0101928711 -0.0148925781 0.00646972656 -0.0158691406
process_ubatch: start, gtype = 2, n_tokens = 1, can_reuse = 1
ggml_compute_forward_get_rows_f32: dst=inp_embd first4=0.0218505859 0.0225830078 0.0456542969 0.0122680664
process_ubatch: start, gtype = 2, n_tokens = 1, can_reuse = 1
ggml_compute_forward_get_rows_f32: dst=inp_embd first4=-0.014831543 0.00970458984 0.00668334961 0.0183105469
process_ubatch: start, gtype = 2, n_tokens = 1, can_reuse = 1
ggml_compute_forward_get_rows_f32: dst=inp_embd first4=0.0598144531 -0.00273132324 -0.0230712891 0.00885009766
process_ubatch: start, gtype = 2, n_tokens = 1, can_reuse = 1
ggml_compute_forward_get_rows_f32: dst=inp_embd first4=0.0246582031 -0.0161132812 0.0336914062 -0.0356445312
process_ubatch: start, gtype = 2, n_tokens = 1, can_reuse = 1
ggml_compute_forward_get_rows_f32: dst=inp_embd first4=-0.0236816406 0.0303955078 0.00650024414 0.00393676758
process_ubatch: start, gtype = 2, n_tokens = 1, can_reuse = 1
ggml_compute_forward_get_rows_f32: dst=inp_embd first4=0.0239257812 -0.00848388672 -0.0158691406 0.00102233887
process_ubatch: start, gtype = 2, n_tokens = 1, can_reuse = 1
ggml_compute_forward_get_rows_f32: dst=inp_embd first4=0.0363769531 0.00701904297 -0.00616455078 -0.0128173828
process_ubatch: start, gtype = 2, n_tokens = 1, can_reuse = 1
ggml_compute_forward_get_rows_f32: dst=inp_embd first4=0.00131988525 0.0197753906 -0.0131225586 -0.0233154297
process_ubatch: start, gtype = 2, n_tokens = 1, can_reuse = 1
ggml_compute_forward_get_rows_f32: dst=inp_embd first4=-0.0192871094 -0.0150146484 -0.0127563477 0.00439453125
process_ubatch: start, gtype = 2, n_tokens = 1, can_reuse = 0
ggml_compute_forward_get_rows_f32: dst=inp_embd first4=0.0485839844 -0.00375366211 -0.0334472656 -0.00659179688
process_ubatch: start, gtype = 2, n_tokens = 1, can_reuse = 1
ggml_compute_forward_get_rows_f32: dst=inp_embd first4=0.0375976562 -0.000385284424 -0.00194549561 -0.000930786133
process_ubatch: start, gtype = 2, n_tokens = 1, can_reuse = 1
ggml_compute_forward_get_rows_f32: dst=inp_embd first4=-0.0344238281 0.00909423828 0.00405883789 -0.00268554688
process_ubatch: start, gtype = 2, n_tokens = 1, can_reuse = 1
ggml_compute_forward_get_rows_f32: dst=inp_embd first4=0.0319824219 0.0218505859 -0.0502929688 -0.0163574219
process_ubatch: start, gtype = 2, n_tokens = 1, can_reuse = 1
ggml_compute_forward_get_rows_f32: dst=inp_embd first4=-0.0102539062 -0.0036315918 0.0234375 0.0308837891
process_ubatch: start, gtype = 2, n_tokens = 1, can_reuse = 1
ggml_compute_forward_get_rows_f32: dst=inp_embd first4=0.0559082031 0.00262451172 0.00267028809 -0.00653076172
process_ubatch: start, gtype = 2, n_tokens = 1, can_reuse = 1
ggml_compute_forward_get_rows_f32: dst=inp_embd first4=-0.0037689209 0.00915527344 0.0207519531 -0.0145874023
process_ubatch: start, gtype = 2, n_tokens = 1, can_reuse = 1
ggml_compute_forward_get_rows_f32: dst=inp_embd first4=0.00860595703 0.0356445312 0.00164794922 -0.00765991211
process_ubatch: start, gtype = 2, n_tokens = 1, can_reuse = 1
ggml_compute_forward_get_rows_f32: dst=inp_embd first4=-0.00555419922 -0.0134277344 -0.0341796875 0.0223388672
process_ubatch: start, gtype = 2, n_tokens = 1, can_reuse = 1
ggml_compute_forward_get_rows_f32: dst=inp_embd first4=-0.0380859375 0.0388183594 0.0493164062 0.00384521484
process_ubatch: start, gtype = 2, n_tokens = 1, can_reuse = 1
ggml_compute_forward_get_rows_f32: dst=inp_embd first4=0.0112915039 0.0136108398 0.0366210938 0.0166015625
process_ubatch: start, gtype = 2, n_tokens = 1, can_reuse = 1
ggml_compute_forward_get_rows_f32: dst=inp_embd first4=-0.0106201172 0.0108032227 0.0119628906 -0.00354003906
process_ubatch: start, gtype = 2, n_tokens = 1, can_reuse = 1
ggml_compute_forward_get_rows_f32: dst=inp_embd first4=-0.00469970703 0.000205039978 0.00259399414 0.00726318359
process_ubatch: start, gtype = 2, n_tokens = 1, can_reuse = 1
ggml_compute_forward_get_rows_f32: dst=inp_embd first4=0.0301513672 0.00964355469 0.00144195557 0.0034942627
process_ubatch: start, gtype = 2, n_tokens = 1, can_reuse = 1
ggml_compute_forward_get_rows_f32: dst=inp_embd first4=-0.000732421875 -0.00436401367 -0.0179443359 -0.0245361328
process_ubatch: start, gtype = 2, n_tokens = 1, can_reuse = 1
ggml_compute_forward_get_rows_f32: dst=inp_embd first4=-0.0380859375 0.0178222656 -0.0108642578 0.0255126953
process_ubatch: start, gtype = 2, n_tokens = 1, can_reuse = 0
ggml_compute_forward_get_rows_f32: dst=inp_embd first4=0.000499725342 0.0639648438 -0.0125732422 0.0498046875
process_ubatch: start, gtype = 2, n_tokens = 1, can_reuse = 1
ggml_compute_forward_get_rows_f32: dst=inp_embd first4=0.0230712891 0.00701904297 -0.00393676758 0.0107421875
process_ubatch: start, gtype = 2, n_tokens = 1, can_reuse = 1
ggml_compute_forward_get_rows_f32: dst=inp_embd first4=-0.0302734375 -0.0147705078 -0.0417480469 -0.017578125
process_ubatch: start, gtype = 2, n_tokens = 1, can_reuse = 1
ggml_compute_forward_get_rows_f32: dst=inp_embd first4=-0.00695800781 0.00759887695 0.0144042969 0.014831543
process_ubatch: start, gtype = 2, n_tokens = 1, can_reuse = 1
ggml_compute_forward_get_rows_f32: dst=inp_embd first4=-0.00619506836 -0.0230712891 0.0476074219 -0.048828125
process_ubatch: start, gtype = 2, n_tokens = 1, can_reuse = 1
ggml_compute_forward_get_rows_f32: dst=inp_embd first4=-0.00166320801 -0.00285339355 0.00170898438 -0.00427246094
process_ubatch: start, gtype = 2, n_tokens = 1, can_reuse = 1
ggml_compute_forward_get_rows_f32: dst=inp_embd first4=0.0307617188 0.00765991211 -0.0131225586 0.009765625
process_ubatch: start, gtype = 2, n_tokens = 1, can_reuse = 1
ggml_compute_forward_get_rows_f32: dst=inp_embd first4=0.000473022461 -0.0172119141 0.0249023438 0.0223388672
process_ubatch: start, gtype = 2, n_tokens = 1, can_reuse = 1
ggml_compute_forward_get_rows_f32: dst=inp_embd first4=-0.0258789062 0.0034942627 -0.00939941406 -0.000339508057
process_ubatch: start, gtype = 2, n_tokens = 1, can_reuse = 1
ggml_compute_forward_get_rows_f32: dst=inp_embd first4=0.00970458984 -0.00564575195 -0.0242919922 0.00634765625
process_ubatch: start, gtype = 2, n_tokens = 1, can_reuse = 1
ggml_compute_forward_get_rows_f32: dst=inp_embd first4=0.0216064453 0.0402832031 0.00723266602 0.0251464844
process_ubatch: start, gtype = 2, n_tokens = 1, can_reuse = 1
ggml_compute_forward_get_rows_f32: dst=inp_embd first4=0.00573730469 0.0349121094 0.00735473633 0.00811767578
process_ubatch: start, gtype = 2, n_tokens = 1, can_reuse = 1
ggml_compute_forward_get_rows_f32: dst=inp_embd first4=0.0478515625 -0.0115356445 -0.0216064453 -0.0206298828
process_ubatch: start, gtype = 2, n_tokens = 1, can_reuse = 1
ggml_compute_forward_get_rows_f32: dst=inp_embd first4=-0.00708007812 0.0186767578 0.00424194336 1.60932541e-05
process_ubatch: start, gtype = 2, n_tokens = 1, can_reuse = 1
ggml_compute_forward_get_rows_f32: dst=inp_embd first4=0.0378417969 0.0164794922 0.0123901367 0.0144042969
process_ubatch: start, gtype = 2, n_tokens = 1, can_reuse = 1
ggml_compute_forward_get_rows_f32: dst=inp_embd first4=0.00372314453 0.000398635864 0.00156402588 -0.000919342041
process_ubatch: start, gtype = 2, n_tokens = 1, can_reuse = 0
ggml_compute_forward_get_rows_f32: dst=inp_embd first4=0.000579833984 0.00135040283 -0.0311279297 -0.0179443359
process_ubatch: start, gtype = 2, n_tokens = 1, can_reuse = 1
ggml_compute_forward_get_rows_f32: dst=inp_embd first4=-0.0238037109 0.0164794922 0.0249023438 0.02734375
process_ubatch: start, gtype = 2, n_tokens = 1, can_reuse = 1
ggml_compute_forward_get_rows_f32: dst=inp_embd first4=0.0242919922 0.0402832031 0.00202941895 -0.0269775391
process_ubatch: start, gtype = 2, n_tokens = 1, can_reuse = 1
ggml_compute_forward_get_rows_f32: dst=inp_embd first4=-0.0395507812 -0.000930786133 0.0336914062 0.0238037109
process_ubatch: start, gtype = 2, n_tokens = 1, can_reuse = 1
ggml_compute_forward_get_rows_f32: dst=inp_embd first4=0.00909423828 0.000108242035 -0.00213623047 0.0228271484
process_ubatch: start, gtype = 2, n_tokens = 1, can_reuse = 1
ggml_compute_forward_get_rows_f32: dst=inp_embd first4=0.0145263672 -0.00521850586 0.0123901367 -0.000553131104
process_ubatch: start, gtype = 2, n_tokens = 1, can_reuse = 1
ggml_compute_forward_get_rows_f32: dst=inp_embd first4=-0.00350952148 -0.037109375 0.0380859375 0.00964355469
process_ubatch: start, gtype = 2, n_tokens = 1, can_reuse = 1
ggml_compute_forward_get_rows_f32: dst=inp_embd first4=-0.00573730469 0.0417480469 -0.00421142578 -0.0158691406
process_ubatch: start, gtype = 2, n_tokens = 1, can_reuse = 1
ggml_compute_forward_get_rows_f32: dst=inp_embd first4=0.000888824463 0.0200195312 0.0157470703 0.0078125
process_ubatch: start, gtype = 2, n_tokens = 1, can_reuse = 1
ggml_compute_forward_get_rows_f32: dst=inp_embd first4=0.0344238281 0.00355529785 0.00616455078 0.00308227539
process_ubatch: start, gtype = 2, n_tokens = 1, can_reuse = 1
ggml_compute_forward_get_rows_f32: dst=inp_embd first4=0.0308837891 0.0158691406 0.0251464844 0.00373840332
process_ubatch: start, gtype = 2, n_tokens = 1, can_reuse = 1
ggml_compute_forward_get_rows_f32: dst=inp_embd first4=-0.00014591217 0.0231933594 -0.00762939453 0.0295410156
process_ubatch: start, gtype = 2, n_tokens = 1, can_reuse = 1
ggml_compute_forward_get_rows_f32: dst=inp_embd first4=0.00389099121 -0.00213623047 -0.00169372559 0.0163574219
process_ubatch: start, gtype = 2, n_tokens = 1, can_reuse = 1
ggml_compute_forward_get_rows_f32: dst=inp_embd first4=0.0130615234 0.0197753906 -0.00221252441 0.0119628906
process_ubatch: start, gtype = 2, n_tokens = 1, can_reuse = 1
ggml_compute_forward_get_rows_f32: dst=inp_embd first4=-0.0169677734 0.0147094727 -0.0111694336 0.00811767578
process_ubatch: start, gtype = 2, n_tokens = 1, can_reuse = 1
ggml_compute_forward_get_rows_f32: dst=inp_embd first4=0.0495605469 0.00131225586 0.00897216797 -0.0118408203
set_n_threads: n_threads = 32, n_threads_batch = 32
process_ubatch: start, gtype = 2, n_tokens = 1, can_reuse = 0
ggml_compute_forward_get_rows_f32: dst=inp_embd first4=-0.00424194336 -0.0378417969 0.0373535156 0.00946044922
process_ubatch: start, gtype = 2, n_tokens = 1, can_reuse = 1
ggml_compute_forward_get_rows_f32: dst=inp_embd first4=0.0461425781 -0.0390625 0.0122680664 0.00860595703
process_ubatch: start, gtype = 2, n_tokens = 1, can_reuse = 1
ggml_compute_forward_get_rows_f32: dst=inp_embd first4=-0.0290527344 -0.0087890625 -0.0055847168 -0.0378417969
process_ubatch: start, gtype = 2, n_tokens = 1, can_reuse = 1
ggml_compute_forward_get_rows_f32: dst=inp_embd first4=-0.00424194336 -0.0180664062 -0.0102539062 -0.0238037109
process_ubatch: start, gtype = 2, n_tokens = 1, can_reuse = 1
ggml_compute_forward_get_rows_f32: dst=inp_embd first4=0.0302734375 0.0126342773 0.00100708008 -0.0678710938
process_ubatch: start, gtype = 2, n_tokens = 1, can_reuse = 1
ggml_compute_forward_get_rows_f32: dst=inp_embd first4=0.00259399414 -0.0068359375 0.0324707031 0.013671875
process_ubatch: start, gtype = 2, n_tokens = 1, can_reuse = 1
ggml_compute_forward_get_rows_f32: dst=inp_embd first4=-0.015625 0.0212402344 -0.0223388672 -0.0213623047
process_ubatch: start, gtype = 2, n_tokens = 1, can_reuse = 1
ggml_compute_forward_get_rows_f32: dst=inp_embd first4=0.010559082 -0.0169677734 0.0451660156 0.00393676758
process_ubatch: start, gtype = 2, n_tokens = 1, can_reuse = 1
ggml_compute_forward_get_rows_f32: dst=inp_embd first4=-0.021484375 -0.0366210938 0.00952148438 0.0103149414
process_ubatch: start, gtype = 2, n_tokens = 1, can_reuse = 1
ggml_compute_forward_get_rows_f32: dst=inp_embd first4=0.017578125 0.0158691406 0.00537109375 0.0234375
process_ubatch: start, gtype = 2, n_tokens = 1, can_reuse = 1
ggml_compute_forward_get_rows_f32: dst=inp_embd first4=-0.0167236328 -0.00186157227 0.0191650391 -0.03125
process_ubatch: start, gtype = 2, n_tokens = 1, can_reuse = 1
ggml_compute_forward_get_rows_f32: dst=inp_embd first4=-0.0133666992 0.0180664062 0.0179443359 0.0434570312
process_ubatch: start, gtype = 2, n_tokens = 1, can_reuse = 1
ggml_compute_forward_get_rows_f32: dst=inp_embd first4=0.000797271729 -0.00106811523 -0.00329589844 -0.0314941406
process_ubatch: start, gtype = 2, n_tokens = 1, can_reuse = 1
ggml_compute_forward_get_rows_f32: dst=inp_embd first4=-0.00866699219 0.0228271484 0.0194091797 0.0322265625
process_ubatch: start, gtype = 2, n_tokens = 1, can_reuse = 1
ggml_compute_forward_get_rows_f32: dst=inp_embd first4=0.0279541016 -0.00854492188 -0.0123291016 -0.00872802734
process_ubatch: start, gtype = 2, n_tokens = 1, can_reuse = 1
ggml_compute_forward_get_rows_f32: dst=inp_embd first4=0.04296875 -0.0327148438 0.00799560547 0.0181884766
process_ubatch: start, gtype = 2, n_tokens = 1, can_reuse = 0
ggml_compute_forward_get_rows_f32: dst=inp_embd first4=0.037109375 -0.0168457031 -0.0334472656 0.0107421875
process_ubatch: start, gtype = 2, n_tokens = 1, can_reuse = 1
ggml_compute_forward_get_rows_f32: dst=inp_embd first4=0.00817871094 0.0217285156 0.0314941406 -0.012512207
process_ubatch: start, gtype = 2, n_tokens = 1, can_reuse = 1
ggml_compute_forward_get_rows_f32: dst=inp_embd first4=0.0162353516 0.00469970703 -0.00318908691 0.0249023438
process_ubatch: start, gtype = 2, n_tokens = 1, can_reuse = 1
ggml_compute_forward_get_rows_f32: dst=inp_embd first4=0.00769042969 -0.00662231445 0.00762939453 0.0120239258
process_ubatch: start, gtype = 2, n_tokens = 1, can_reuse = 1
ggml_compute_forward_get_rows_f32: dst=inp_embd first4=0.0223388672 0.00476074219 -0.0296630859 -0.00375366211
process_ubatch: start, gtype = 2, n_tokens = 1, can_reuse = 1
ggml_compute_forward_get_rows_f32: dst=inp_embd first4=0.0383300781 -0.0123901367 -0.0441894531 -0.00524902344
process_ubatch: start, gtype = 2, n_tokens = 1, can_reuse = 1
ggml_compute_forward_get_rows_f32: dst=inp_embd first4=0.0168457031 -0.044921875 -0.00448608398 -0.00367736816
process_ubatch: start, gtype = 2, n_tokens = 1, can_reuse = 1
ggml_compute_forward_get_rows_f32: dst=inp_embd first4=-0.0261230469 0.0112304688 0.00221252441 0.0048828125
process_ubatch: start, gtype = 2, n_tokens = 1, can_reuse = 1
ggml_compute_forward_get_rows_f32: dst=inp_embd first4=0.0155639648 0.0223388672 -0.0235595703 0.0385742188
process_ubatch: start, gtype = 2, n_tokens = 1, can_reuse = 1
ggml_compute_forward_get_rows_f32: dst=inp_embd first4=-0.00695800781 -0.0121459961 0.00729370117 0.0071105957
process_ubatch: start, gtype = 2, n_tokens = 1, can_reuse = 1
ggml_compute_forward_get_rows_f32: dst=inp_embd first4=0.00576782227 0.000568389893 0.00309753418 -0.00329589844
process_ubatch: start, gtype = 2, n_tokens = 1, can_reuse = 1
ggml_compute_forward_get_rows_f32: dst=inp_embd first4=0.000381469727 -0.0522460938 0.00640869141 -0.0257568359
process_ubatch: start, gtype = 2, n_tokens = 1, can_reuse = 1
ggml_compute_forward_get_rows_f32: dst=inp_embd first4=-0.0522460938 0.0141601562 0.0151977539 -0.00677490234
process_ubatch: start, gtype = 2, n_tokens = 1, can_reuse = 1
ggml_compute_forward_get_rows_f32: dst=inp_embd first4=0.0493164062 0.0112304688 -0.04296875 -0.0294189453
process_ubatch: start, gtype = 2, n_tokens = 1, can_reuse = 1
ggml_compute_forward_get_rows_f32: dst=inp_embd first4=-0.00646972656 -0.0219726562 0.01171875 -0.0439453125
process_ubatch: start, gtype = 2, n_tokens = 1, can_reuse = 1
ggml_compute_forward_get_rows_f32: dst=inp_embd first4=0.0227050781 0.0197753906 0.0495605469 -0.0344238281
process_ubatch: start, gtype = 2, n_tokens = 1, can_reuse = 0
ggml_compute_forward_get_rows_f32: dst=inp_embd first4=0.00405883789 0.0267333984 -0.00369262695 0.046875
process_ubatch: start, gtype = 2, n_tokens = 1, can_reuse = 1
ggml_compute_forward_get_rows_f32: dst=inp_embd first4=-0.0223388672 0.0502929688 -0.0247802734 0.0114746094
process_ubatch: start, gtype = 2, n_tokens = 1, can_reuse = 1
ggml_compute_forward_get_rows_f32: dst=inp_embd first4=0.0515136719 0.00836181641 -0.0150146484 -0.0189208984
process_ubatch: start, gtype = 2, n_tokens = 1, can_reuse = 1
ggml_compute_forward_get_rows_f32: dst=inp_embd first4=0.0427246094 -0.0383300781 0.0126342773 0.00546264648
process_ubatch: start, gtype = 2, n_tokens = 1, can_reuse = 1
ggml_compute_forward_get_rows_f32: dst=inp_embd first4=0.00915527344 0.0164794922 0.00390625 -0.0493164062
process_ubatch: start, gtype = 2, n_tokens = 1, can_reuse = 1
ggml_compute_forward_get_rows_f32: dst=inp_embd first4=0.0354003906 -0.0361328125 -0.0112915039 -0.0236816406
process_ubatch: start, gtype = 2, n_tokens = 1, can_reuse = 1
ggml_compute_forward_get_rows_f32: dst=inp_embd first4=-0.000417709351 -0.00772094727 -0.021484375 0.00570678711
process_ubatch: start, gtype = 2, n_tokens = 1, can_reuse = 1
ggml_compute_forward_get_rows_f32: dst=inp_embd first4=-0.0225830078 0.00518798828 -0.00689697266 -0.015625
process_ubatch: start, gtype = 2, n_tokens = 1, can_reuse = 1
ggml_compute_forward_get_rows_f32: dst=inp_embd first4=0.00234985352 -0.000617980957 -0.0111083984 -0.015625
process_ubatch: start, gtype = 2, n_tokens = 1, can_reuse = 1
ggml_compute_forward_get_rows_f32: dst=inp_embd first4=-0.0395507812 0.0307617188 -0.0249023438 -0.0113525391
process_ubatch: start, gtype = 2, n_tokens = 1, can_reuse = 1
ggml_compute_forward_get_rows_f32: dst=inp_embd first4=-0.00531005859 -0.00366210938 -0.00179290771 0.0250244141
process_ubatch: start, gtype = 2, n_tokens = 1, can_reuse = 1
ggml_compute_forward_get_rows_f32: dst=inp_embd first4=-0.000675201416 0.0233154297 0.0130004883 -0.0184326172
process_ubatch: start, gtype = 2, n_tokens = 1, can_reuse = 1
ggml_compute_forward_get_rows_f32: dst=inp_embd first4=-0.037109375 0.0561523438 0.0344238281 0.00277709961
process_ubatch: start, gtype = 2, n_tokens = 1, can_reuse = 1
ggml_compute_forward_get_rows_f32: dst=inp_embd first4=-0.00836181641 -0.00921630859 0.00885009766 -0.00555419922
process_ubatch: start, gtype = 2, n_tokens = 1, can_reuse = 1
ggml_compute_forward_get_rows_f32: dst=inp_embd first4=-0.00527954102 -0.012512207 -0.0154418945 -0.0100708008
process_ubatch: start, gtype = 2, n_tokens = 1, can_reuse = 1
ggml_compute_forward_get_rows_f32: dst=inp_embd first4=-0.0173339844 0.0147705078 -0.0152587891 0.0289306641
process_ubatch: start, gtype = 2, n_tokens = 1, can_reuse = 0
ggml_compute_forward_get_rows_f32: dst=inp_embd first4=-0.00469970703 0.0075378418 -0.0170898438 0.021484375
process_ubatch: start, gtype = 2, n_tokens = 1, can_reuse = 1
ggml_compute_forward_get_rows_f32: dst=inp_embd first4=-0.00653076172 0.0191650391 -0.000484466553 -0.0324707031
process_ubatch: start, gtype = 2, n_tokens = 1, can_reuse = 1
ggml_compute_forward_get_rows_f32: dst=inp_embd first4=0.00634765625 0.00500488281 -0.0187988281 -0.0101318359
process_ubatch: start, gtype = 2, n_tokens = 1, can_reuse = 1
ggml_compute_forward_get_rows_f32: dst=inp_embd first4=-0.00830078125 -0.0213623047 -0.00189208984 -0.0260009766
process_ubatch: start, gtype = 2, n_tokens = 1, can_reuse = 1
ggml_compute_forward_get_rows_f32: dst=inp_embd first4=-0.000526428223 -0.00227355957 0.00101470947 0.01953125
process_ubatch: start, gtype = 2, n_tokens = 1, can_reuse = 1
ggml_compute_forward_get_rows_f32: dst=inp_embd first4=-0.000831604004 0.0131835938 0.00616455078 -0.00744628906
process_ubatch: start, gtype = 2, n_tokens = 1, can_reuse = 1
ggml_compute_forward_get_rows_f32: dst=inp_embd first4=0.0126953125 -0.00631713867 0.00588989258 0.00643920898
process_ubatch: start, gtype = 2, n_tokens = 1, can_reuse = 1
ggml_compute_forward_get_rows_f32: dst=inp_embd first4=-0.0306396484 0.0184326172 0.00726318359 -0.00451660156
process_ubatch: start, gtype = 2, n_tokens = 1, can_reuse = 1
ggml_compute_forward_get_rows_f32: dst=inp_embd first4=-0.0032043457 -0.00271606445 0.00500488281 -0.00259399414
process_ubatch: start, gtype = 2, n_tokens = 1, can_reuse = 1
ggml_compute_forward_get_rows_f32: dst=inp_embd first4=-0.0356445312 0.0145874023 0.0211181641 0.0336914062
process_ubatch: start, gtype = 2, n_tokens = 1, can_reuse = 1
ggml_compute_forward_get_rows_f32: dst=inp_embd first4=0.0434570312 -0.0283203125 0.0145874023 0.0249023438
process_ubatch: start, gtype = 2, n_tokens = 1, can_reuse = 1
ggml_compute_forward_get_rows_f32: dst=inp_embd first4=0.00267028809 -0.0228271484 -0.00946044922 0.0144042969
process_ubatch: start, gtype = 2, n_tokens = 1, can_reuse = 1
ggml_compute_forward_get_rows_f32: dst=inp_embd first4=0.00964355469 0.0378417969 0.0078125 -0.0133666992
process_ubatch: start, gtype = 2, n_tokens = 1, can_reuse = 1
ggml_compute_forward_get_rows_f32: dst=inp_embd first4=-0.02734375 -0.0258789062 -0.0250244141 0.0137329102
process_ubatch: start, gtype = 2, n_tokens = 1, can_reuse = 1
ggml_compute_forward_get_rows_f32: dst=inp_embd first4=-0.0127563477 -0.00567626953 0.00512695312 -0.0299072266
process_ubatch: start, gtype = 2, n_tokens = 1, can_reuse = 1
ggml_compute_forward_get_rows_f32: dst=inp_embd first4=0.000431060791 -0.0284423828 -0.00891113281 0.0241699219
process_ubatch: start, gtype = 2, n_tokens = 1, can_reuse = 0
ggml_compute_forward_get_rows_f32: dst=inp_embd first4=0.00485229492 -0.0133666992 0.00212097168 -0.0198974609
process_ubatch: start, gtype = 2, n_tokens = 1, can_reuse = 1
ggml_compute_forward_get_rows_f32: dst=inp_embd first4=-0.0291748047 -0.0177001953 -0.0354003906 -0.00311279297
process_ubatch: start, gtype = 2, n_tokens = 1, can_reuse = 1
ggml_compute_forward_get_rows_f32: dst=inp_embd first4=-0.0075378418 -0.00141906738 -0.00296020508 -0.00212097168
process_ubatch: start, gtype = 2, n_tokens = 1, can_reuse = 1
ggml_compute_forward_get_rows_f32: dst=inp_embd first4=-0.00509643555 0.000463485718 -0.00250244141 0.0111083984
process_ubatch: start, gtype = 2, n_tokens = 1, can_reuse = 1
ggml_compute_forward_get_rows_f32: dst=inp_embd first4=0.0279541016 -0.0159912109 0.0405273438 0.0101318359
process_ubatch: start, gtype = 2, n_tokens = 1, can_reuse = 1
ggml_compute_forward_get_rows_f32: dst=inp_embd first4=0.0179443359 0.0161132812 -0.0200195312 -0.00628662109
process_ubatch: start, gtype = 2, n_tokens = 1, can_reuse = 1
ggml_compute_forward_get_rows_f32: dst=inp_embd first4=0.00436401367 -0.0201416016 -0.00357055664 0.0061340332
process_ubatch: start, gtype = 2, n_tokens = 1, can_reuse = 1
ggml_compute_forward_get_rows_f32: dst=inp_embd first4=-0.000457763672 -0.0260009766 -0.00579833984 -0.00439453125
process_ubatch: start, gtype = 2, n_tokens = 1, can_reuse = 1
ggml_compute_forward_get_rows_f32: dst=inp_embd first4=-0.0263671875 0.0187988281 -0.0119628906 -0.00338745117
process_ubatch: start, gtype = 2, n_tokens = 1, can_reuse = 1
ggml_compute_forward_get_rows_f32: dst=inp_embd first4=-0.00297546387 -0.0202636719 -0.00308227539 -0.012878418
process_ubatch: start, gtype = 2, n_tokens = 1, can_reuse = 1
ggml_compute_forward_get_rows_f32: dst=inp_embd first4=0.000255584717 0.02734375 -0.0169677734 0.0297851562
process_ubatch: start, gtype = 2, n_tokens = 1, can_reuse = 1
ggml_compute_forward_get_rows_f32: dst=inp_embd first4=-0.0187988281 0.0177001953 0.00402832031 0.00415039062
process_ubatch: start, gtype = 2, n_tokens = 1, can_reuse = 1
ggml_compute_forward_get_rows_f32: dst=inp_embd first4=-0.00325012207 0.015625 -0.00337219238 -0.0111083984
process_ubatch: start, gtype = 2, n_tokens = 1, can_reuse = 1
ggml_compute_forward_get_rows_f32: dst=inp_embd first4=-0.0206298828 0.0307617188 0.009765625 -0.0107421875
process_ubatch: start, gtype = 2, n_tokens = 1, can_reuse = 1
ggml_compute_forward_get_rows_f32: dst=inp_embd first4=0.0454101562 -0.000347137451 -0.00750732422 0.01953125
process_ubatch: start, gtype = 2, n_tokens = 1, can_reuse = 1
ggml_compute_forward_get_rows_f32: dst=inp_embd first4=-0.0296630859 -0.00201416016 -0.00430297852 -0.0419921875
process_ubatch: start, gtype = 2, n_tokens = 1, can_reuse = 0
ggml_compute_forward_get_rows_f32: dst=inp_embd first4=0.000354766846 -0.000381469727 -0.00192260742 -0.00168609619
process_ubatch: start, gtype = 2, n_tokens = 1, can_reuse = 1
ggml_compute_forward_get_rows_f32: dst=inp_embd first4=-0.00994873047 0.0061340332 0.00105285645 0.0327148438
process_ubatch: start, gtype = 2, n_tokens = 1, can_reuse = 1
ggml_compute_forward_get_rows_f32: dst=inp_embd first4=0.0200195312 0.0366210938 -0.00254821777 0.0153198242
process_ubatch: start, gtype = 2, n_tokens = 1, can_reuse = 1
ggml_compute_forward_get_rows_f32: dst=inp_embd first4=0.0147705078 -0.0334472656 0.0142211914 0.0151977539
process_ubatch: start, gtype = 2, n_tokens = 1, can_reuse = 1
ggml_compute_forward_get_rows_f32: dst=inp_embd first4=0.0145874023 0.0155639648 -0.0407714844 0.0120239258
process_ubatch: start, gtype = 2, n_tokens = 1, can_reuse = 1
ggml_compute_forward_get_rows_f32: dst=inp_embd first4=-0.0122070312 0.00588989258 0.00524902344 -0.0157470703
process_ubatch: start, gtype = 2, n_tokens = 1, can_reuse = 1
ggml_compute_forward_get_rows_f32: dst=inp_embd first4=-0.013671875 0.000812530518 -0.0212402344 -0.0179443359
process_ubatch: start, gtype = 2, n_tokens = 1, can_reuse = 1
ggml_compute_forward_get_rows_f32: dst=inp_embd first4=0.00161743164 0.00628662109 0.0322265625 -0.0114135742
process_ubatch: start, gtype = 2, n_tokens = 1, can_reuse = 1
ggml_compute_forward_get_rows_f32: dst=inp_embd first4=0.0339355469 -0.0512695312 -0.0249023438 0.0101928711
process_ubatch: start, gtype = 2, n_tokens = 1, can_reuse = 1
ggml_compute_forward_get_rows_f32: dst=inp_embd first4=0.0383300781 -0.0173339844 -0.0291748047 0.00805664062
process_ubatch: start, gtype = 2, n_tokens = 1, can_reuse = 1
ggml_compute_forward_get_rows_f32: dst=inp_embd first4=-0.00149536133 0.00982666016 0.0268554688 0.033203125
process_ubatch: start, gtype = 2, n_tokens = 1, can_reuse = 1
ggml_compute_forward_get_rows_f32: dst=inp_embd first4=-0.0189208984 -0.01171875 -0.0329589844 0.0114135742
process_ubatch: start, gtype = 2, n_tokens = 1, can_reuse = 1
ggml_compute_forward_get_rows_f32: dst=inp_embd first4=0.0478515625 -0.0397949219 0.0261230469 0.0244140625
process_ubatch: start, gtype = 2, n_tokens = 1, can_reuse = 1
ggml_compute_forward_get_rows_f32: dst=inp_embd first4=-0.0166015625 0.00228881836 0.014831543 0.0170898438
process_ubatch: start, gtype = 2, n_tokens = 1, can_reuse = 1
ggml_compute_forward_get_rows_f32: dst=inp_embd first4=0.0272216797 0.0300292969 -0.00637817383 0.0247802734
process_ubatch: start, gtype = 2, n_tokens = 1, can_reuse = 1
ggml_compute_forward_get_rows_f32: dst=inp_embd first4=0.0422363281 -0.0279541016 0.0317382812 0.00479125977
process_ubatch: start, gtype = 2, n_tokens = 1, can_reuse = 0
ggml_compute_forward_get_rows_f32: dst=inp_embd first4=-0.0258789062 0.0119628906 0.0103149414 0.0522460938
process_ubatch: start, gtype = 2, n_tokens = 1, can_reuse = 1
ggml_compute_forward_get_rows_f32: dst=inp_embd first4=0.00155639648 -0.00872802734 -0.000984191895 0.046875
process_ubatch: start, gtype = 2, n_tokens = 1, can_reuse = 1
ggml_compute_forward_get_rows_f32: dst=inp_embd first4=0.015625 0.0109863281 -0.0257568359 0.0537109375
process_ubatch: start, gtype = 2, n_tokens = 1, can_reuse = 1
ggml_compute_forward_get_rows_f32: dst=inp_embd first4=0.0157470703 -0.0173339844 0.0419921875 0.00476074219
process_ubatch: start, gtype = 2, n_tokens = 1, can_reuse = 1
ggml_compute_forward_get_rows_f32: dst=inp_embd first4=0.0278320312 0.00457763672 0.00561523438 0.0115966797
process_ubatch: start, gtype = 2, n_tokens = 1, can_reuse = 1
ggml_compute_forward_get_rows_f32: dst=inp_embd first4=0.00439453125 -0.00778198242 -0.0202636719 -0.014465332
process_ubatch: start, gtype = 2, n_tokens = 1, can_reuse = 1
ggml_compute_forward_get_rows_f32: dst=inp_embd first4=0.0228271484 -0.00775146484 -0.00302124023 -0.0087890625
process_ubatch: start, gtype = 2, n_tokens = 1, can_reuse = 1
ggml_compute_forward_get_rows_f32: dst=inp_embd first4=0.00582885742 -0.0375976562 0.0349121094 -0.0211181641
process_ubatch: start, gtype = 2, n_tokens = 1, can_reuse = 1
ggml_compute_forward_get_rows_f32: dst=inp_embd first4=-0.00622558594 0.0112304688 -0.0127563477 -0.0166015625
process_ubatch: start, gtype = 2, n_tokens = 1, can_reuse = 1
ggml_compute_forward_get_rows_f32: dst=inp_embd first4=-0.00842285156 0.0281982422 0.0126953125 -0.0310058594
process_ubatch: start, gtype = 2, n_tokens = 1, can_reuse = 1
ggml_compute_forward_get_rows_f32: dst=inp_embd first4=-0.0311279297 -0.00253295898 -0.0285644531 -0.0192871094
process_ubatch: start, gtype = 2, n_tokens = 1, can_reuse = 1
ggml_compute_forward_get_rows_f32: dst=inp_embd first4=0.0349121094 -0.00366210938 -0.0187988281 0.0208740234
process_ubatch: start, gtype = 2, n_tokens = 1, can_reuse = 1
ggml_compute_forward_get_rows_f32: dst=inp_embd first4=0.00256347656 -0.0510253906 -0.0415039062 -0.0107421875
process_ubatch: start, gtype = 2, n_tokens = 1, can_reuse = 1
ggml_compute_forward_get_rows_f32: dst=inp_embd first4=0.0218505859 -0.00294494629 -0.00399780273 -0.0241699219
process_ubatch: start, gtype = 2, n_tokens = 1, can_reuse = 1
ggml_compute_forward_get_rows_f32: dst=inp_embd first4=-0.00927734375 -0.0134887695 -0.00680541992 -0.00787353516
process_ubatch: start, gtype = 2, n_tokens = 1, can_reuse = 1
ggml_compute_forward_get_rows_f32: dst=inp_embd first4=-0.0319824219 0.0295410156 -0.0147094727 0.0139160156
process_ubatch: start, gtype = 2, n_tokens = 1, can_reuse = 0
ggml_compute_forward_get_rows_f32: dst=inp_embd first4=0.000831604004 -0.00411987305 0.0239257812 -0.0306396484
process_ubatch: start, gtype = 2, n_tokens = 1, can_reuse = 1
ggml_compute_forward_get_rows_f32: dst=inp_embd first4=-0.00117492676 -0.00793457031 -0.0150756836 0.00332641602
process_ubatch: start, gtype = 2, n_tokens = 1, can_reuse = 1
ggml_compute_forward_get_rows_f32: dst=inp_embd first4=0.0322265625 0.00946044922 -0.0159912109 0.0356445312
process_ubatch: start, gtype = 2, n_tokens = 1, can_reuse = 1
ggml_compute_forward_get_rows_f32: dst=inp_embd first4=0.00436401367 0.0178222656 -0.000576019287 0.0104370117
process_ubatch: start, gtype = 2, n_tokens = 1, can_reuse = 1
ggml_compute_forward_get_rows_f32: dst=inp_embd first4=0.00588989258 0.000171661377 0.00233459473 -0.0126342773
process_ubatch: start, gtype = 2, n_tokens = 1, can_reuse = 1
ggml_compute_forward_get_rows_f32: dst=inp_embd first4=0.0285644531 0.00174713135 -0.00958251953 -0.0071105957
process_ubatch: start, gtype = 2, n_tokens = 1, can_reuse = 1
ggml_compute_forward_get_rows_f32: dst=inp_embd first4=0.0314941406 0.0115356445 0.0412597656 0.0108032227
process_ubatch: start, gtype = 2, n_tokens = 1, can_reuse = 1
ggml_compute_forward_get_rows_f32: dst=inp_embd first4=-0.000633239746 -0.00436401367 0.05859375 -0.000560760498
process_ubatch: start, gtype = 2, n_tokens = 1, can_reuse = 1
ggml_compute_forward_get_rows_f32: dst=inp_embd first4=0.0219726562 0.0378417969 0.00288391113 -0.0166015625
process_ubatch: start, gtype = 2, n_tokens = 1, can_reuse = 1
ggml_compute_forward_get_rows_f32: dst=inp_embd first4=0.0150756836 0.0122070312 0.0385742188 0.00184631348
process_ubatch: start, gtype = 2, n_tokens = 1, can_reuse = 1
ggml_compute_forward_get_rows_f32: dst=inp_embd first4=0.0101928711 -0.00138092041 -0.00210571289 0.00399780273
process_ubatch: start, gtype = 2, n_tokens = 1, can_reuse = 1
ggml_compute_forward_get_rows_f32: dst=inp_embd first4=0.0192871094 -0.0162353516 -0.00378417969 -0.0346679688
process_ubatch: start, gtype = 2, n_tokens = 1, can_reuse = 1
ggml_compute_forward_get_rows_f32: dst=inp_embd first4=-0.0207519531 0.00988769531 -0.0078125 -0.000328063965
process_ubatch: start, gtype = 2, n_tokens = 1, can_reuse = 1
ggml_compute_forward_get_rows_f32: dst=inp_embd first4=0.00280761719 -0.014831543 0.0203857422 0.0308837891
process_ubatch: start, gtype = 2, n_tokens = 1, can_reuse = 1
ggml_compute_forward_get_rows_f32: dst=inp_embd first4=0.0473632812 0.00225830078 0.00375366211 0.0281982422
process_ubatch: start, gtype = 2, n_tokens = 1, can_reuse = 1
ggml_compute_forward_get_rows_f32: dst=inp_embd first4=-0.0027923584 -0.0123901367 -0.0500488281 -0.0166015625
set_n_threads: n_threads = 32, n_threads_batch = 32
process_ubatch: start, gtype = 2, n_tokens = 1, can_reuse = 0
ggml_compute_forward_get_rows_f32: dst=inp_embd first4=0.0303955078 0.0125732422 0.00354003906 0.0319824219
process_ubatch: start, gtype = 2, n_tokens = 1, can_reuse = 1
ggml_compute_forward_get_rows_f32: dst=inp_embd first4=0.00147247314 -0.0036315918 -0.0252685547 0.0187988281
process_ubatch: start, gtype = 2, n_tokens = 1, can_reuse = 1
ggml_compute_forward_get_rows_f32: dst=inp_embd first4=0.000324249268 0.00793457031 0.0120849609 -0.00854492188
process_ubatch: start, gtype = 2, n_tokens = 1, can_reuse = 1
ggml_compute_forward_get_rows_f32: dst=inp_embd first4=0.00271606445 0.0145263672 0.0272216797 -0.00341796875
process_ubatch: start, gtype = 2, n_tokens = 1, can_reuse = 1
ggml_compute_forward_get_rows_f32: dst=inp_embd first4=0.000526428223 0.0174560547 -0.0172119141 0.00122070312
process_ubatch: start, gtype = 2, n_tokens = 1, can_reuse = 1
ggml_compute_forward_get_rows_f32: dst=inp_embd first4=0.0233154297 -0.0115966797 -0.00735473633 0.0131835938
process_ubatch: start, gtype = 2, n_tokens = 1, can_reuse = 1
ggml_compute_forward_get_rows_f32: dst=inp_embd first4=-0.0211181641 0.0297851562 0.0262451172 -0.00701904297
process_ubatch: start, gtype = 2, n_tokens = 1, can_reuse = 1
ggml_compute_forward_get_rows_f32: dst=inp_embd first4=0.000717163086 0.00479125977 -0.00503540039 0.00118255615
process_ubatch: start, gtype = 2, n_tokens = 1, can_reuse = 1
ggml_compute_forward_get_rows_f32: dst=inp_embd first4=0.0185546875 -0.0358886719 -0.0583496094 0.0300292969
process_ubatch: start, gtype = 2, n_tokens = 1, can_reuse = 1
ggml_compute_forward_get_rows_f32: dst=inp_embd first4=-0.00326538086 -0.0169677734 0.00787353516 -0.0194091797
process_ubatch: start, gtype = 2, n_tokens = 1, can_reuse = 1
ggml_compute_forward_get_rows_f32: dst=inp_embd first4=-0.0301513672 -0.00466918945 -0.0451660156 -0.000839233398
process_ubatch: start, gtype = 2, n_tokens = 1, can_reuse = 1
ggml_compute_forward_get_rows_f32: dst=inp_embd first4=0.0124511719 -0.0220947266 0.0299072266 -0.0162353516
process_ubatch: start, gtype = 2, n_tokens = 1, can_reuse = 1
ggml_compute_forward_get_rows_f32: dst=inp_embd first4=0.0266113281 -0.00233459473 -0.00457763672 0.00692749023
process_ubatch: start, gtype = 2, n_tokens = 1, can_reuse = 1
ggml_compute_forward_get_rows_f32: dst=inp_embd first4=0.0191650391 0.00176239014 -0.00604248047 0.0299072266
process_ubatch: start, gtype = 2, n_tokens = 1, can_reuse = 1
ggml_compute_forward_get_rows_f32: dst=inp_embd first4=-0.00836181641 0.00473022461 -0.0427246094 0.0216064453
process_ubatch: start, gtype = 2, n_tokens = 1, can_reuse = 1
ggml_compute_forward_get_rows_f32: dst=inp_embd first4=-0.00032043457 -0.0434570312 -0.0032043457 -0.00138092041
process_ubatch: start, gtype = 2, n_tokens = 1, can_reuse = 0
ggml_compute_forward_get_rows_f32: dst=inp_embd first4=0.00227355957 0.0034942627 0.000904083252 -0.000541687012
process_ubatch: start, gtype = 2, n_tokens = 1, can_reuse = 1
ggml_compute_forward_get_rows_f32: dst=inp_embd first4=-0.00173950195 -0.00640869141 -0.0179443359 0.0283203125
process_ubatch: start, gtype = 2, n_tokens = 1, can_reuse = 1
ggml_compute_forward_get_rows_f32: dst=inp_embd first4=-0.0152587891 -0.0055847168 0.00323486328 -0.0048828125
process_ubatch: start, gtype = 2, n_tokens = 1, can_reuse = 1
ggml_compute_forward_get_rows_f32: dst=inp_embd first4=-0.0258789062 0.00277709961 0.0234375 0.0203857422
process_ubatch: start, gtype = 2, n_tokens = 1, can_reuse = 1
ggml_compute_forward_get_rows_f32: dst=inp_embd first4=-0.015625 -0.03515625 -0.0112304688 0.00259399414
process_ubatch: start, gtype = 2, n_tokens = 1, can_reuse = 1
ggml_compute_forward_get_rows_f32: dst=inp_embd first4=0.00738525391 -0.0119628906 -0.017578125 -0.00312805176
process_ubatch: start, gtype = 2, n_tokens = 1, can_reuse = 1
ggml_compute_forward_get_rows_f32: dst=inp_embd first4=0.0197753906 0.0373535156 0.0174560547 -0.0180664062
process_ubatch: start, gtype = 2, n_tokens = 1, can_reuse = 1
ggml_compute_forward_get_rows_f32: dst=inp_embd first4=0.00823974609 -0.0441894531 0.00338745117 -0.0101928711
process_ubatch: start, gtype = 2, n_tokens = 1, can_reuse = 1
ggml_compute_forward_get_rows_f32: dst=inp_embd first4=0.00640869141 0.0130004883 -0.033203125 0.00335693359
process_ubatch: start, gtype = 2, n_tokens = 1, can_reuse = 1
ggml_compute_forward_get_rows_f32: dst=inp_embd first4=0.0412597656 0.0556640625 -0.0205078125 -0.0268554688
process_ubatch: start, gtype = 2, n_tokens = 1, can_reuse = 1
ggml_compute_forward_get_rows_f32: dst=inp_embd first4=0.014831543 0.0131225586 -0.00198364258 0.00421142578
process_ubatch: start, gtype = 2, n_tokens = 1, can_reuse = 1
ggml_compute_forward_get_rows_f32: dst=inp_embd first4=0.000394821167 0.017578125 0.00543212891 0.00573730469
process_ubatch: start, gtype = 2, n_tokens = 1, can_reuse = 1
ggml_compute_forward_get_rows_f32: dst=inp_embd first4=0.000193595886 0.00194549561 -0.00454711914 -6.15119934e-05
process_ubatch: start, gtype = 2, n_tokens = 1, can_reuse = 1
ggml_compute_forward_get_rows_f32: dst=inp_embd first4=-0.00689697266 0.0197753906 0.000305175781 -0.00466918945
process_ubatch: start, gtype = 2, n_tokens = 1, can_reuse = 1
ggml_compute_forward_get_rows_f32: dst=inp_embd first4=0.0225830078 0.0146484375 0.0302734375 -0.0108032227
process_ubatch: start, gtype = 2, n_tokens = 1, can_reuse = 1
ggml_compute_forward_get_rows_f32: dst=inp_embd first4=-0.00903320312 -0.00128173828 -0.00680541992 -0.0164794922
process_ubatch: start, gtype = 2, n_tokens = 1, can_reuse = 0
ggml_compute_forward_get_rows_f32: dst=inp_embd first4=-0.000291824341 -0.0186767578 -0.0116577148 -0.0241699219
process_ubatch: start, gtype = 2, n_tokens = 1, can_reuse = 1
ggml_compute_forward_get_rows_f32: dst=inp_embd first4=0.025390625 -0.0143432617 -0.0101928711 0.00830078125
process_ubatch: start, gtype = 2, n_tokens = 1, can_reuse = 1
ggml_compute_forward_get_rows_f32: dst=inp_embd first4=0.0205078125 -0.0393066406 -0.0529785156 -0.0198974609
process_ubatch: start, gtype = 2, n_tokens = 1, can_reuse = 1
ggml_compute_forward_get_rows_f32: dst=inp_embd first4=-0.00738525391 0.00714111328 -0.0112304688 0.0223388672
process_ubatch: start, gtype = 2, n_tokens = 1, can_reuse = 1
ggml_compute_forward_get_rows_f32: dst=inp_embd first4=0.00622558594 -0.00872802734 -0.0225830078 0.0191650391
process_ubatch: start, gtype = 2, n_tokens = 1, can_reuse = 1
ggml_compute_forward_get_rows_f32: dst=inp_embd first4=-0.0283203125 -0.0166015625 -0.0324707031 -0.0216064453
process_ubatch: start, gtype = 2, n_tokens = 1, can_reuse = 1
ggml_compute_forward_get_rows_f32: dst=inp_embd first4=0.0200195312 0.0264892578 -0.00964355469 0.0123901367
process_ubatch: start, gtype = 2, n_tokens = 1, can_reuse = 1
ggml_compute_forward_get_rows_f32: dst=inp_embd first4=0.0415039062 -0.037109375 0.0267333984 -0.00817871094
process_ubatch: start, gtype = 2, n_tokens = 1, can_reuse = 1
ggml_compute_forward_get_rows_f32: dst=inp_embd first4=0.0104370117 0.0146484375 0.0137329102 0.00466918945
process_ubatch: start, gtype = 2, n_tokens = 1, can_reuse = 1
ggml_compute_forward_get_rows_f32: dst=inp_embd first4=0.0434570312 -0.0158691406 -0.0122070312 -0.013671875
process_ubatch: start, gtype = 2, n_tokens = 1, can_reuse = 1
ggml_compute_forward_get_rows_f32: dst=inp_embd first4=0.00297546387 -0.00101470947 -0.0198974609 0.0302734375
process_ubatch: start, gtype = 2, n_tokens = 1, can_reuse = 1
ggml_compute_forward_get_rows_f32: dst=inp_embd first4=0.029296875 0.0177001953 -0.00817871094 0.0111083984
process_ubatch: start, gtype = 2, n_tokens = 1, can_reuse = 1
ggml_compute_forward_get_rows_f32: dst=inp_embd first4=-0.037109375 0.0296630859 -0.0137329102 -0.0712890625
process_ubatch: start, gtype = 2, n_tokens = 1, can_reuse = 1
ggml_compute_forward_get_rows_f32: dst=inp_embd first4=0.00540161133 0.0131225586 0.0023651123 0.00720214844
process_ubatch: start, gtype = 2, n_tokens = 1, can_reuse = 1
ggml_compute_forward_get_rows_f32: dst=inp_embd first4=0.00326538086 -0.0249023438 -0.0344238281 -0.0380859375
process_ubatch: start, gtype = 2, n_tokens = 1, can_reuse = 1
ggml_compute_forward_get_rows_f32: dst=inp_embd first4=-0.0198974609 0.0270996094 0.0162353516 0.0456542969
process_ubatch: start, gtype = 2, n_tokens = 1, can_reuse = 0
ggml_compute_forward_get_rows_f32: dst=inp_embd first4=0.0164794922 -0.01171875 0.0383300781 0.0103149414
process_ubatch: start, gtype = 2, n_tokens = 1, can_reuse = 1
ggml_compute_forward_get_rows_f32: dst=inp_embd first4=0.0145263672 0.0257568359 -0.000984191895 0.0261230469
process_ubatch: start, gtype = 2, n_tokens = 1, can_reuse = 1
ggml_compute_forward_get_rows_f32: dst=inp_embd first4=-0.00866699219 0.0148925781 0.0260009766 0.0114135742
process_ubatch: start, gtype = 2, n_tokens = 1, can_reuse = 1
ggml_compute_forward_get_rows_f32: dst=inp_embd first4=0.0329589844 -0.0554199219 -0.0344238281 0.00288391113
process_ubatch: start, gtype = 2, n_tokens = 1, can_reuse = 1
ggml_compute_forward_get_rows_f32: dst=inp_embd first4=0.0113525391 0.03125 0.0032043457 0.00378417969
process_ubatch: start, gtype = 2, n_tokens = 1, can_reuse = 1
ggml_compute_forward_get_rows_f32: dst=inp_embd first4=0.0344238281 -0.00946044922 0.00114440918 -0.00680541992
process_ubatch: start, gtype = 2, n_tokens = 1, can_reuse = 1
ggml_compute_forward_get_rows_f32: dst=inp_embd first4=0.0344238281 -0.00741577148 -0.00823974609 0.00836181641
process_ubatch: start, gtype = 2, n_tokens = 1, can_reuse = 1
ggml_compute_forward_get_rows_f32: dst=inp_embd first4=0.00885009766 -0.033203125 -0.0103759766 0.0422363281
process_ubatch: start, gtype = 2, n_tokens = 1, can_reuse = 1
ggml_compute_forward_get_rows_f32: dst=inp_embd first4=0.000389099121 0.0227050781 0.00689697266 0.00448608398
process_ubatch: start, gtype = 2, n_tokens = 1, can_reuse = 1
ggml_compute_forward_get_rows_f32: dst=inp_embd first4=0.0157470703 -0.0110473633 -0.0151977539 0.0161132812
process_ubatch: start, gtype = 2, n_tokens = 1, can_reuse = 1
ggml_compute_forward_get_rows_f32: dst=inp_embd first4=0.0114746094 -0.0319824219 -0.0183105469 -0.00482177734
process_ubatch: start, gtype = 2, n_tokens = 1, can_reuse = 1
ggml_compute_forward_get_rows_f32: dst=inp_embd first4=-0.0143432617 0.00762939453 -0.0270996094 -0.0108032227
process_ubatch: start, gtype = 2, n_tokens = 1, can_reuse = 1
ggml_compute_forward_get_rows_f32: dst=inp_embd first4=-0.00194549561 -0.00207519531 0.00854492188 0.0241699219
process_ubatch: start, gtype = 2, n_tokens = 1, can_reuse = 1
ggml_compute_forward_get_rows_f32: dst=inp_embd first4=0.0186767578 0.0289306641 -0.00921630859 -0.021484375
process_ubatch: start, gtype = 2, n_tokens = 1, can_reuse = 1
ggml_compute_forward_get_rows_f32: dst=inp_embd first4=-0.0179443359 0.0147094727 0.00625610352 0.0437011719
process_ubatch: start, gtype = 2, n_tokens = 1, can_reuse = 1
ggml_compute_forward_get_rows_f32: dst=inp_embd first4=0.00144958496 0.02734375 -0.0375976562 -0.00854492188
process_ubatch: start, gtype = 2, n_tokens = 1, can_reuse = 0
ggml_compute_forward_get_rows_f32: dst=inp_embd first4=-0.00076675415 0.0319824219 -0.0107421875 -0.00250244141
process_ubatch: start, gtype = 2, n_tokens = 1, can_reuse = 1
ggml_compute_forward_get_rows_f32: dst=inp_embd first4=0.00579833984 -0.021484375 0.0181884766 -0.0245361328
process_ubatch: start, gtype = 2, n_tokens = 1, can_reuse = 1
ggml_compute_forward_get_rows_f32: dst=inp_embd first4=0.0027923584 -0.00430297852 -0.0306396484 -0.00457763672
process_ubatch: start, gtype = 2, n_tokens = 1, can_reuse = 1
ggml_compute_forward_get_rows_f32: dst=inp_embd first4=-0.00561523438 0.0216064453 -0.0179443359 -0.0123901367
process_ubatch: start, gtype = 2, n_tokens = 1, can_reuse = 1
ggml_compute_forward_get_rows_f32: dst=inp_embd first4=-0.0286865234 0.00106811523 0.0380859375 -0.0187988281
process_ubatch: start, gtype = 2, n_tokens = 1, can_reuse = 1
ggml_compute_forward_get_rows_f32: dst=inp_embd first4=0.0186767578 -0.0336914062 -0.0183105469 0.0236816406
process_ubatch: start, gtype = 2, n_tokens = 1, can_reuse = 1
ggml_compute_forward_get_rows_f32: dst=inp_embd first4=0.0075378418 -0.0363769531 -0.029296875 0.0314941406
process_ubatch: start, gtype = 2, n_tokens = 1, can_reuse = 1
ggml_compute_forward_get_rows_f32: dst=inp_embd first4=0.00921630859 0.0061340332 -0.01953125 -0.0517578125
process_ubatch: start, gtype = 2, n_tokens = 1, can_reuse = 1
ggml_compute_forward_get_rows_f32: dst=inp_embd first4=0.0480957031 -0.0151367188 0.0194091797 0.0463867188
process_ubatch: start, gtype = 2, n_tokens = 1, can_reuse = 1
ggml_compute_forward_get_rows_f32: dst=inp_embd first4=-0.0264892578 -0.00567626953 0.03125 0.00198364258
process_ubatch: start, gtype = 2, n_tokens = 1, can_reuse = 1
ggml_compute_forward_get_rows_f32: dst=inp_embd first4=0.00106811523 0.00198364258 -0.0027923584 0.00253295898
process_ubatch: start, gtype = 2, n_tokens = 1, can_reuse = 1
ggml_compute_forward_get_rows_f32: dst=inp_embd first4=-0.0341796875 -0.0124511719 -0.0375976562 0.0141601562
process_ubatch: start, gtype = 2, n_tokens = 1, can_reuse = 1
ggml_compute_forward_get_rows_f32: dst=inp_embd first4=-0.0143432617 0.0249023438 -0.0177001953 -0.000675201416
process_ubatch: start, gtype = 2, n_tokens = 1, can_reuse = 1
ggml_compute_forward_get_rows_f32: dst=inp_embd first4=0.0118408203 -0.00799560547 -0.0233154297 0.0169677734
process_ubatch: start, gtype = 2, n_tokens = 1, can_reuse = 1
ggml_compute_forward_get_rows_f32: dst=inp_embd first4=-0.0245361328 0.0329589844 0.037109375 -0.0270996094
process_ubatch: start, gtype = 2, n_tokens = 1, can_reuse = 1
ggml_compute_forward_get_rows_f32: dst=inp_embd first4=-0.0415039062 -0.0219726562 -0.0361328125 0.0432128906
process_ubatch: start, gtype = 2, n_tokens = 1, can_reuse = 0
ggml_compute_forward_get_rows_f32: dst=inp_embd first4=0.0610351562 -0.0412597656 0.0207519531 -0.02734375
process_ubatch: start, gtype = 2, n_tokens = 1, can_reuse = 1
ggml_compute_forward_get_rows_f32: dst=inp_embd first4=0.052734375 -0.00189208984 0.0026550293 -0.00686645508
process_ubatch: start, gtype = 2, n_tokens = 1, can_reuse = 1
ggml_compute_forward_get_rows_f32: dst=inp_embd first4=0.00367736816 0.0172119141 -0.00341796875 0.0192871094
process_ubatch: start, gtype = 2, n_tokens = 1, can_reuse = 1
ggml_compute_forward_get_rows_f32: dst=inp_embd first4=0.00355529785 0.00331115723 -0.0126953125 0.00561523438
process_ubatch: start, gtype = 2, n_tokens = 1, can_reuse = 1
ggml_compute_forward_get_rows_f32: dst=inp_embd first4=-0.0261230469 -0.0451660156 0.00689697266 0.0261230469
process_ubatch: start, gtype = 2, n_tokens = 1, can_reuse = 1
ggml_compute_forward_get_rows_f32: dst=inp_embd first4=-0.0485839844 -0.0327148438 -0.0126953125 -0.00436401367
process_ubatch: start, gtype = 2, n_tokens = 1, can_reuse = 1
ggml_compute_forward_get_rows_f32: dst=inp_embd first4=-0.0109863281 -0.0111083984 -0.0025177002 -0.00215148926
process_ubatch: start, gtype = 2, n_tokens = 1, can_reuse = 1
ggml_compute_forward_get_rows_f32: dst=inp_embd first4=0.009765625 0.00778198242 0.00866699219 0.0161132812
process_ubatch: start, gtype = 2, n_tokens = 1, can_reuse = 1
ggml_compute_forward_get_rows_f32: dst=inp_embd first4=0.00128173828 0.00723266602 -0.0071105957 0.0361328125
process_ubatch: start, gtype = 2, n_tokens = 1, can_reuse = 1
ggml_compute_forward_get_rows_f32: dst=inp_embd first4=0.0317382812 0.0244140625 0.0131835938 0.0317382812
process_ubatch: start, gtype = 2, n_tokens = 1, can_reuse = 1
ggml_compute_forward_get_rows_f32: dst=inp_embd first4=0.0534667969 -0.0100097656 -0.0300292969 -0.0361328125
process_ubatch: start, gtype = 2, n_tokens = 1, can_reuse = 1
ggml_compute_forward_get_rows_f32: dst=inp_embd first4=-0.0178222656 -0.0116577148 0.00610351562 -0.0139160156
process_ubatch: start, gtype = 2, n_tokens = 1, can_reuse = 1
ggml_compute_forward_get_rows_f32: dst=inp_embd first4=0.0261230469 0.00497436523 0.00982666016 -0.0296630859
process_ubatch: start, gtype = 2, n_tokens = 1, can_reuse = 1
ggml_compute_forward_get_rows_f32: dst=inp_embd first4=-0.00909423828 0.0125732422 -0.0166015625 -0.0103759766
process_ubatch: start, gtype = 2, n_tokens = 1, can_reuse = 1
ggml_compute_forward_get_rows_f32: dst=inp_embd first4=-0.0417480469 0.0138549805 0.0346679688 -0.00714111328
process_ubatch: start, gtype = 2, n_tokens = 1, can_reuse = 1
ggml_compute_forward_get_rows_f32: dst=inp_embd first4=-0.0146484375 -0.00793457031 -0.00952148438 0.00622558594
process_ubatch: start, gtype = 2, n_tokens = 1, can_reuse = 0
ggml_compute_forward_get_rows_f32: dst=inp_embd first4=0.00860595703 0.0108642578 0.00387573242 -0.014465332
process_ubatch: start, gtype = 2, n_tokens = 1, can_reuse = 1
ggml_compute_forward_get_rows_f32: dst=inp_embd first4=0.0307617188 -0.000984191895 -0.0150756836 -0.037109375
process_ubatch: start, gtype = 2, n_tokens = 1, can_reuse = 1
ggml_compute_forward_get_rows_f32: dst=inp_embd first4=-0.0458984375 0.0361328125 0.0242919922 0.00445556641
process_ubatch: start, gtype = 2, n_tokens = 1, can_reuse = 1
ggml_compute_forward_get_rows_f32: dst=inp_embd first4=-0.0598144531 0.0139770508 -0.0251464844 0.00521850586
process_ubatch: start, gtype = 2, n_tokens = 1, can_reuse = 1
ggml_compute_forward_get_rows_f32: dst=inp_embd first4=-0.0212402344 0.00750732422 0.0209960938 0.0224609375
process_ubatch: start, gtype = 2, n_tokens = 1, can_reuse = 1
ggml_compute_forward_get_rows_f32: dst=inp_embd first4=0.0239257812 0.00787353516 -0.0380859375 0.0150756836
process_ubatch: start, gtype = 2, n_tokens = 1, can_reuse = 1
ggml_compute_forward_get_rows_f32: dst=inp_embd first4=0.00020980835 0.0341796875 0.00588989258 0.0100708008
process_ubatch: start, gtype = 2, n_tokens = 1, can_reuse = 1
ggml_compute_forward_get_rows_f32: dst=inp_embd first4=0.00302124023 0.0446777344 -0.0402832031 -0.0231933594
process_ubatch: start, gtype = 2, n_tokens = 1, can_reuse = 1
ggml_compute_forward_get_rows_f32: dst=inp_embd first4=0.0434570312 0.0100097656 0.00218200684 -0.0517578125
process_ubatch: start, gtype = 2, n_tokens = 1, can_reuse = 1
ggml_compute_forward_get_rows_f32: dst=inp_embd first4=-0.0216064453 -0.0261230469 -0.00570678711 -0.0205078125
process_ubatch: start, gtype = 2, n_tokens = 1, can_reuse = 1
ggml_compute_forward_get_rows_f32: dst=inp_embd first4=-0.0027923584 -0.00723266602 -0.00445556641 -0.0196533203
process_ubatch: start, gtype = 2, n_tokens = 1, can_reuse = 1
ggml_compute_forward_get_rows_f32: dst=inp_embd first4=0.0205078125 0.00133514404 0.00381469727 0.0174560547
process_ubatch: start, gtype = 2, n_tokens = 1, can_reuse = 1
ggml_compute_forward_get_rows_f32: dst=inp_embd first4=0.0235595703 0.00735473633 0.0256347656 0.0131225586
process_ubatch: start, gtype = 2, n_tokens = 1, can_reuse = 1
ggml_compute_forward_get_rows_f32: dst=inp_embd first4=0.0114135742 0.00701904297 -0.0189208984 0.0220947266
process_ubatch: start, gtype = 2, n_tokens = 1, can_reuse = 1
ggml_compute_forward_get_rows_f32: dst=inp_embd first4=0.00506591797 -0.00427246094 -0.00531005859 -0.00952148438
process_ubatch: start, gtype = 2, n_tokens = 1, can_reuse = 1
ggml_compute_forward_get_rows_f32: dst=inp_embd first4=-0.0257568359 0.00695800781 0.0167236328 -0.0023651123
process_ubatch: start, gtype = 2, n_tokens = 1, can_reuse = 0
ggml_compute_forward_get_rows_f32: dst=inp_embd first4=0.000253677368 -0.00817871094 -0.0178222656 -0.00317382812
process_ubatch: start, gtype = 2, n_tokens = 1, can_reuse = 1
ggml_compute_forward_get_rows_f32: dst=inp_embd first4=-0.0114135742 -0.0123291016 -0.00805664062 0.0649414062
process_ubatch: start, gtype = 2, n_tokens = 1, can_reuse = 1
ggml_compute_forward_get_rows_f32: dst=inp_embd first4=0.00830078125 0.0314941406 0.0178222656 -0.0139770508
process_ubatch: start, gtype = 2, n_tokens = 1, can_reuse = 1
ggml_compute_forward_get_rows_f32: dst=inp_embd first4=0.0161132812 -0.00408935547 -0.0126953125 0.00897216797
process_ubatch: start, gtype = 2, n_tokens = 1, can_reuse = 1
ggml_compute_forward_get_rows_f32: dst=inp_embd first4=0.00723266602 0.0167236328 -0.0241699219 0.00439453125
process_ubatch: start, gtype = 2, n_tokens = 1, can_reuse = 1
ggml_compute_forward_get_rows_f32: dst=inp_embd first4=0.0205078125 -0.00357055664 0.0203857422 -0.0159912109
process_ubatch: start, gtype = 2, n_tokens = 1, can_reuse = 1
ggml_compute_forward_get_rows_f32: dst=inp_embd first4=0.0104980469 0.0245361328 0.0203857422 0.0583496094
process_ubatch: start, gtype = 2, n_tokens = 1, can_reuse = 1
ggml_compute_forward_get_rows_f32: dst=inp_embd first4=0.00543212891 -0.00247192383 -0.00946044922 -0.00390625
process_ubatch: start, gtype = 2, n_tokens = 1, can_reuse = 1
ggml_compute_forward_get_rows_f32: dst=inp_embd first4=0.0223388672 -0.0576171875 0.0539550781 0.0285644531
process_ubatch: start, gtype = 2, n_tokens = 1, can_reuse = 1
ggml_compute_forward_get_rows_f32: dst=inp_embd first4=-0.0157470703 -0.0102539062 0.00747680664 0.0029296875
process_ubatch: start, gtype = 2, n_tokens = 1, can_reuse = 1
ggml_compute_forward_get_rows_f32: dst=inp_embd first4=0.0075378418 0.00518798828 0.0164794922 0.0388183594
process_ubatch: start, gtype = 2, n_tokens = 1, can_reuse = 1
ggml_compute_forward_get_rows_f32: dst=inp_embd first4=0.0051574707 0.0205078125 0.0102539062 0.0174560547
process_ubatch: start, gtype = 2, n_tokens = 1, can_reuse = 1
ggml_compute_forward_get_rows_f32: dst=inp_embd first4=-0.00662231445 -0.0101928711 -0.00744628906 0.0219726562
process_ubatch: start, gtype = 2, n_tokens = 1, can_reuse = 1
ggml_compute_forward_get_rows_f32: dst=inp_embd first4=-0.0311279297 -0.0125732422 -0.0238037109 0.0219726562
process_ubatch: start, gtype = 2, n_tokens = 1, can_reuse = 1
ggml_compute_forward_get_rows_f32: dst=inp_embd first4=0.0200195312 -0.00143432617 -0.0456542969 -0.0115966797
process_ubatch: start, gtype = 2, n_tokens = 1, can_reuse = 1
ggml_compute_forward_get_rows_f32: dst=inp_embd first4=0.0112304688 0.0289306641 -0.0805664062 -0.0075378418
set_n_threads: n_threads = 32, n_threads_batch = 32
process_ubatch: start, gtype = 2, n_tokens = 1, can_reuse = 0
ggml_compute_forward_get_rows_f32: dst=inp_embd first4=-0.00466918945 -0.00402832031 0.0108032227 -0.0207519531
process_ubatch: start, gtype = 2, n_tokens = 1, can_reuse = 1
ggml_compute_forward_get_rows_f32: dst=inp_embd first4=-0.0302734375 0.0101928711 -0.000652313232 -0.000972747803
process_ubatch: start, gtype = 2, n_tokens = 1, can_reuse = 1
ggml_compute_forward_get_rows_f32: dst=inp_embd first4=0.00903320312 -0.00494384766 -0.0256347656 -0.0187988281
process_ubatch: start, gtype = 2, n_tokens = 1, can_reuse = 1
ggml_compute_forward_get_rows_f32: dst=inp_embd first4=-0.00199890137 0.00775146484 0.0279541016 -0.0192871094
process_ubatch: start, gtype = 2, n_tokens = 1, can_reuse = 1
ggml_compute_forward_get_rows_f32: dst=inp_embd first4=0.00227355957 -0.0108032227 -0.0356445312 0.0244140625
process_ubatch: start, gtype = 2, n_tokens = 1, can_reuse = 1
ggml_compute_forward_get_rows_f32: dst=inp_embd first4=0.00280761719 0.064453125 -0.0139770508 -0.00805664062
process_ubatch: start, gtype = 2, n_tokens = 1, can_reuse = 1
ggml_compute_forward_get_rows_f32: dst=inp_embd first4=-0.0220947266 -0.0336914062 0.0363769531 0.00247192383
process_ubatch: start, gtype = 2, n_tokens = 1, can_reuse = 1
ggml_compute_forward_get_rows_f32: dst=inp_embd first4=-0.00769042969 0.00787353516 0.00579833984 0.0181884766
process_ubatch: start, gtype = 2, n_tokens = 1, can_reuse = 1
ggml_compute_forward_get_rows_f32: dst=inp_embd first4=0.00433349609 0.0167236328 0.0135498047 0.00854492188
process_ubatch: start, gtype = 2, n_tokens = 1, can_reuse = 1
ggml_compute_forward_get_rows_f32: dst=inp_embd first4=0.014465332 -0.0133666992 0.0087890625 -0.00726318359
process_ubatch: start, gtype = 2, n_tokens = 1, can_reuse = 1
ggml_compute_forward_get_rows_f32: dst=inp_embd first4=-0.00436401367 -0.0515136719 0.00262451172 -0.0476074219
process_ubatch: start, gtype = 2, n_tokens = 1, can_reuse = 1
ggml_compute_forward_get_rows_f32: dst=inp_embd first4=0.06640625 0.014831543 0.00726318359 -0.0208740234
process_ubatch: start, gtype = 2, n_tokens = 1, can_reuse = 1
ggml_compute_forward_get_rows_f32: dst=inp_embd first4=-0.00241088867 -0.014831543 0.0220947266 -0.0458984375
process_ubatch: start, gtype = 2, n_tokens = 1, can_reuse = 1
ggml_compute_forward_get_rows_f32: dst=inp_embd first4=0.00811767578 0.0283203125 0.00552368164 -4.19616699e-05
process_ubatch: start, gtype = 2, n_tokens = 1, can_reuse = 1
ggml_compute_forward_get_rows_f32: dst=inp_embd first4=0.0206298828 0.0115966797 0.0132446289 0.00939941406
process_ubatch: start, gtype = 2, n_tokens = 1, can_reuse = 1
ggml_compute_forward_get_rows_f32: dst=inp_embd first4=0.00793457031 -0.0202636719 -0.0235595703 0.00384521484
process_ubatch: start, gtype = 2, n_tokens = 1, can_reuse = 0
ggml_compute_forward_get_rows_f32: dst=inp_embd first4=-0.037109375 4.88758087e-05 -0.00637817383 -0.0311279297
process_ubatch: start, gtype = 2, n_tokens = 1, can_reuse = 1
ggml_compute_forward_get_rows_f32: dst=inp_embd first4=-0.00982666016 0.0208740234 -0.03515625 -0.00750732422
process_ubatch: start, gtype = 2, n_tokens = 1, can_reuse = 1
ggml_compute_forward_get_rows_f32: dst=inp_embd first4=-0.00567626953 0.0346679688 0.0124511719 -0.00625610352
process_ubatch: start, gtype = 2, n_tokens = 1, can_reuse = 1
ggml_compute_forward_get_rows_f32: dst=inp_embd first4=0.00671386719 0.0181884766 -0.00180053711 -0.00958251953
process_ubatch: start, gtype = 2, n_tokens = 1, can_reuse = 1
ggml_compute_forward_get_rows_f32: dst=inp_embd first4=0.041015625 0.0336914062 -0.0539550781 0.0184326172
process_ubatch: start, gtype = 2, n_tokens = 1, can_reuse = 1
ggml_compute_forward_get_rows_f32: dst=inp_embd first4=0.0233154297 0.0107421875 0.0126953125 0.00347900391
process_ubatch: start, gtype = 2, n_tokens = 1, can_reuse = 1
ggml_compute_forward_get_rows_f32: dst=inp_embd first4=0.000299453735 0.0397949219 0.012512207 0.0209960938
process_ubatch: start, gtype = 2, n_tokens = 1, can_reuse = 1
ggml_compute_forward_get_rows_f32: dst=inp_embd first4=0.0280761719 -0.00188446045 0.0159912109 0.029296875
process_ubatch: start, gtype = 2, n_tokens = 1, can_reuse = 1
ggml_compute_forward_get_rows_f32: dst=inp_embd first4=0.0571289062 -0.0181884766 -0.0290527344 0.0141601562
process_ubatch: start, gtype = 2, n_tokens = 1, can_reuse = 1
ggml_compute_forward_get_rows_f32: dst=inp_embd first4=0.00280761719 -0.0183105469 0.0327148438 -0.0114746094
process_ubatch: start, gtype = 2, n_tokens = 1, can_reuse = 1
ggml_compute_forward_get_rows_f32: dst=inp_embd first4=0.0466308594 0.0463867188 -0.00958251953 0.0346679688
process_ubatch: start, gtype = 2, n_tokens = 1, can_reuse = 1
ggml_compute_forward_get_rows_f32: dst=inp_embd first4=0.00173187256 0.0162353516 -0.0153198242 0.0480957031
process_ubatch: start, gtype = 2, n_tokens = 1, can_reuse = 1
ggml_compute_forward_get_rows_f32: dst=inp_embd first4=0.00476074219 0.0158691406 0.0166015625 0.00854492188
process_ubatch: start, gtype = 2, n_tokens = 1, can_reuse = 1
ggml_compute_forward_get_rows_f32: dst=inp_embd first4=-0.00338745117 0.00355529785 -0.0241699219 -0.00946044922
process_ubatch: start, gtype = 2, n_tokens = 1, can_reuse = 1
ggml_compute_forward_get_rows_f32: dst=inp_embd first4=0.0295410156 -0.0324707031 -0.00285339355 0.000858306885
process_ubatch: start, gtype = 2, n_tokens = 1, can_reuse = 1
ggml_compute_forward_get_rows_f32: dst=inp_embd first4=0.0142211914 -0.0126953125 0.0142822266 -0.017578125
process_ubatch: start, gtype = 2, n_tokens = 1, can_reuse = 0
ggml_compute_forward_get_rows_f32: dst=inp_embd first4=0.0286865234 0.0317382812 0.0517578125 0.000877380371
process_ubatch: start, gtype = 2, n_tokens = 1, can_reuse = 1
ggml_compute_forward_get_rows_f32: dst=inp_embd first4=0.0308837891 0.00662231445 -0.0266113281 -0.0262451172
process_ubatch: start, gtype = 2, n_tokens = 1, can_reuse = 1
ggml_compute_forward_get_rows_f32: dst=inp_embd first4=0.00726318359 0.0236816406 0.0283203125 -0.0300292969
process_ubatch: start, gtype = 2, n_tokens = 1, can_reuse = 1
ggml_compute_forward_get_rows_f32: dst=inp_embd first4=0.0361328125 0.0122070312 -0.0245361328 0.014465332
process_ubatch: start, gtype = 2, n_tokens = 1, can_reuse = 1
ggml_compute_forward_get_rows_f32: dst=inp_embd first4=-0.0235595703 -0.0212402344 -0.0294189453 0.0154418945
process_ubatch: start, gtype = 2, n_tokens = 1, can_reuse = 1
ggml_compute_forward_get_rows_f32: dst=inp_embd first4=0.0263671875 -0.00305175781 0.0200195312 -0.0146484375
process_ubatch: start, gtype = 2, n_tokens = 1, can_reuse = 1
ggml_compute_forward_get_rows_f32: dst=inp_embd first4=0.01953125 0.0251464844 0.000564575195 0.00381469727
process_ubatch: start, gtype = 2, n_tokens = 1, can_reuse = 1
ggml_compute_forward_get_rows_f32: dst=inp_embd first4=-0.041015625 0.0051574707 0.000204086304 -0.0151977539
process_ubatch: start, gtype = 2, n_tokens = 1, can_reuse = 1
ggml_compute_forward_get_rows_f32: dst=inp_embd first4=-0.0143432617 0.0278320312 -0.0164794922 0.041015625
process_ubatch: start, gtype = 2, n_tokens = 1, can_reuse = 1
ggml_compute_forward_get_rows_f32: dst=inp_embd first4=0.0126953125 0.00512695312 0.0424804688 -0.0286865234
process_ubatch: start, gtype = 2, n_tokens = 1, can_reuse = 1
ggml_compute_forward_get_rows_f32: dst=inp_embd first4=0.00546264648 -0.0498046875 -0.0107421875 -0.0169677734
process_ubatch: start, gtype = 2, n_tokens = 1, can_reuse = 1
ggml_compute_forward_get_rows_f32: dst=inp_embd first4=0.0104980469 -0.0281982422 0.0209960938 0.0124511719
process_ubatch: start, gtype = 2, n_tokens = 1, can_reuse = 1
ggml_compute_forward_get_rows_f32: dst=inp_embd first4=0.00527954102 -0.0502929688 -0.00872802734 0.0405273438
process_ubatch: start, gtype = 2, n_tokens = 1, can_reuse = 1
ggml_compute_forward_get_rows_f32: dst=inp_embd first4=0.0132446289 0.0102539062 -1.96695328e-05 -0.0150756836
process_ubatch: start, gtype = 2, n_tokens = 1, can_reuse = 1
ggml_compute_forward_get_rows_f32: dst=inp_embd first4=-0.00497436523 0.00466918945 -0.0303955078 0.0169677734
process_ubatch: start, gtype = 2, n_tokens = 1, can_reuse = 1
ggml_compute_forward_get_rows_f32: dst=inp_embd first4=0.0157470703 0.0131835938 -0.0119018555 -0.00247192383
process_ubatch: start, gtype = 2, n_tokens = 1, can_reuse = 0
ggml_compute_forward_get_rows_f32: dst=inp_embd first4=0.0209960938 0.00933837891 -0.0546875 0.0129394531
process_ubatch: start, gtype = 2, n_tokens = 1, can_reuse = 1
ggml_compute_forward_get_rows_f32: dst=inp_embd first4=-0.00933837891 -0.0336914062 -0.0100097656 -0.0134887695
process_ubatch: start, gtype = 2, n_tokens = 1, can_reuse = 1
ggml_compute_forward_get_rows_f32: dst=inp_embd first4=-0.000240325928 0.0119018555 0.0495605469 0.0149536133
process_ubatch: start, gtype = 2, n_tokens = 1, can_reuse = 1
ggml_compute_forward_get_rows_f32: dst=inp_embd first4=-0.012512207 -0.0251464844 -0.00958251953 -0.0153198242
process_ubatch: start, gtype = 2, n_tokens = 1, can_reuse = 1
ggml_compute_forward_get_rows_f32: dst=inp_embd first4=-0.00650024414 0.0230712891 -0.0130004883 0.03515625
process_ubatch: start, gtype = 2, n_tokens = 1, can_reuse = 1
ggml_compute_forward_get_rows_f32: dst=inp_embd first4=0.00018787384 0.00162506104 -0.00291442871 -0.00352478027
process_ubatch: start, gtype = 2, n_tokens = 1, can_reuse = 1
ggml_compute_forward_get_rows_f32: dst=inp_embd first4=-0.00396728516 -0.00485229492 -0.0137329102 0.000268936157
process_ubatch: start, gtype = 2, n_tokens = 1, can_reuse = 1
ggml_compute_forward_get_rows_f32: dst=inp_embd first4=-0.0358886719 0.0349121094 -0.0143432617 -0.0114135742
process_ubatch: start, gtype = 2, n_tokens = 1, can_reuse = 1
ggml_compute_forward_get_rows_f32: dst=inp_embd first4=0.00540161133 0.00628662109 0.0324707031 -0.00747680664
process_ubatch: start, gtype = 2, n_tokens = 1, can_reuse = 1
ggml_compute_forward_get_rows_f32: dst=inp_embd first4=0.0119628906 0.00173950195 0.0106201172 -0.0078125
process_ubatch: start, gtype = 2, n_tokens = 1, can_reuse = 1
ggml_compute_forward_get_rows_f32: dst=inp_embd first4=0.00952148438 -0.0172119141 0.0194091797 -0.01953125
process_ubatch: start, gtype = 2, n_tokens = 1, can_reuse = 1
ggml_compute_forward_get_rows_f32: dst=inp_embd first4=0.0252685547 -0.00823974609 0.0240478516 -0.033203125
process_ubatch: start, gtype = 2, n_tokens = 1, can_reuse = 1
ggml_compute_forward_get_rows_f32: dst=inp_embd first4=-0.00207519531 -0.0155029297 -0.0155639648 -0.0598144531
process_ubatch: start, gtype = 2, n_tokens = 1, can_reuse = 1
ggml_compute_forward_get_rows_f32: dst=inp_embd first4=0.0219726562 -0.0078125 -0.017578125 0.0153198242
process_ubatch: start, gtype = 2, n_tokens = 1, can_reuse = 1
ggml_compute_forward_get_rows_f32: dst=inp_embd first4=-0.0164794922 0.0205078125 0.00473022461 -0.0177001953
process_ubatch: start, gtype = 2, n_tokens = 1, can_reuse = 1
ggml_compute_forward_get_rows_f32: dst=inp_embd first4=0.0191650391 0.00640869141 -0.0213623047 -0.00659179688
process_ubatch: start, gtype = 2, n_tokens = 1, can_reuse = 0
ggml_compute_forward_get_rows_f32: dst=inp_embd first4=0.0223388672 0.00122833252 0.0111694336 -0.0177001953
process_ubatch: start, gtype = 2, n_tokens = 1, can_reuse = 1
ggml_compute_forward_get_rows_f32: dst=inp_embd first4=0.0107421875 0.0103149414 0.06640625 0.0336914062
process_ubatch: start, gtype = 2, n_tokens = 1, can_reuse = 1
ggml_compute_forward_get_rows_f32: dst=inp_embd first4=0.0185546875 0.033203125 -0.0166015625 -0.0127563477
process_ubatch: start, gtype = 2, n_tokens = 1, can_reuse = 1
ggml_compute_forward_get_rows_f32: dst=inp_embd first4=0.00964355469 0.0152587891 0.0122070312 0.0135498047
process_ubatch: start, gtype = 2, n_tokens = 1, can_reuse = 1
ggml_compute_forward_get_rows_f32: dst=inp_embd first4=-0.0217285156 0.0305175781 0.0197753906 0.00445556641
process_ubatch: start, gtype = 2, n_tokens = 1, can_reuse = 1
ggml_compute_forward_get_rows_f32: dst=inp_embd first4=-0.00891113281 0.0126953125 -0.000671386719 -0.000701904297
process_ubatch: start, gtype = 2, n_tokens = 1, can_reuse = 1
ggml_compute_forward_get_rows_f32: dst=inp_embd first4=-0.0444335938 0.00537109375 0.0354003906 0.0242919922
process_ubatch: start, gtype = 2, n_tokens = 1, can_reuse = 1
ggml_compute_forward_get_rows_f32: dst=inp_embd first4=0.0520019531 0.00399780273 -0.00273132324 -0.0228271484
process_ubatch: start, gtype = 2, n_tokens = 1, can_reuse = 1
ggml_compute_forward_get_rows_f32: dst=inp_embd first4=0.0341796875 0.0283203125 0.000471115112 -0.00494384766
process_ubatch: start, gtype = 2, n_tokens = 1, can_reuse = 1
ggml_compute_forward_get_rows_f32: dst=inp_embd first4=0.0317382812 -0.0578613281 0.00233459473 -0.0170898438
process_ubatch: start, gtype = 2, n_tokens = 1, can_reuse = 1
ggml_compute_forward_get_rows_f32: dst=inp_embd first4=0.0241699219 -0.0164794922 -0.0235595703 -0.0110473633
process_ubatch: start, gtype = 2, n_tokens = 1, can_reuse = 1
ggml_compute_forward_get_rows_f32: dst=inp_embd first4=-0.000110149384 -0.0123901367 0.00793457031 -0.0444335938
process_ubatch: start, gtype = 2, n_tokens = 1, can_reuse = 1
ggml_compute_forward_get_rows_f32: dst=inp_embd first4=0.0578613281 0.0280761719 -0.00659179688 -0.0277099609
process_ubatch: start, gtype = 2, n_tokens = 1, can_reuse = 1
ggml_compute_forward_get_rows_f32: dst=inp_embd first4=0.0151367188 0.00616455078 -0.0415039062 0.0022277832
process_ubatch: start, gtype = 2, n_tokens = 1, can_reuse = 1
ggml_compute_forward_get_rows_f32: dst=inp_embd first4=0.00866699219 0.0427246094 -0.0327148438 -0.0329589844
process_ubatch: start, gtype = 2, n_tokens = 1, can_reuse = 1
ggml_compute_forward_get_rows_f32: dst=inp_embd first4=0.0219726562 0.0183105469 0.0238037109 0.0363769531
process_ubatch: start, gtype = 2, n_tokens = 1, can_reuse = 0
ggml_compute_forward_get_rows_f32: dst=inp_embd first4=0.0115356445 0.0183105469 -0.037109375 -0.0142211914
process_ubatch: start, gtype = 2, n_tokens = 1, can_reuse = 1
ggml_compute_forward_get_rows_f32: dst=inp_embd first4=-0.00469970703 -0.0119018555 -0.0148925781 0.0173339844
process_ubatch: start, gtype = 2, n_tokens = 1, can_reuse = 1
ggml_compute_forward_get_rows_f32: dst=inp_embd first4=0.00103759766 0.0162353516 -0.0480957031 -0.0177001953
process_ubatch: start, gtype = 2, n_tokens = 1, can_reuse = 1
ggml_compute_forward_get_rows_f32: dst=inp_embd first4=-0.0022277832 0.0155029297 0.0162353516 -0.0110473633
process_ubatch: start, gtype = 2, n_tokens = 1, can_reuse = 1
ggml_compute_forward_get_rows_f32: dst=inp_embd first4=-0.0186767578 0.00653076172 0.00860595703 -0.0380859375
process_ubatch: start, gtype = 2, n_tokens = 1, can_reuse = 1
ggml_compute_forward_get_rows_f32: dst=inp_embd first4=0.0180664062 0.00506591797 -0.0177001953 0.0363769531
process_ubatch: start, gtype = 2, n_tokens = 1, can_reuse = 1
ggml_compute_forward_get_rows_f32: dst=inp_embd first4=-0.0137939453 0.0137329102 0.00207519531 0.0140991211
process_ubatch: start, gtype = 2, n_tokens = 1, can_reuse = 1
ggml_compute_forward_get_rows_f32: dst=inp_embd first4=0.0339355469 -0.0363769531 -0.0123291016 -0.0308837891
process_ubatch: start, gtype = 2, n_tokens = 1, can_reuse = 1
ggml_compute_forward_get_rows_f32: dst=inp_embd first4=0.00332641602 -0.00982666016 0.00430297852 0.00512695312
process_ubatch: start, gtype = 2, n_tokens = 1, can_reuse = 1
ggml_compute_forward_get_rows_f32: dst=inp_embd first4=-0.0126953125 0.0201416016 0.00933837891 0.000314712524
process_ubatch: start, gtype = 2, n_tokens = 1, can_reuse = 1
ggml_compute_forward_get_rows_f32: dst=inp_embd first4=0.0300292969 0.0126953125 -0.00040435791 0.00230407715
process_ubatch: start, gtype = 2, n_tokens = 1, can_reuse = 1
ggml_compute_forward_get_rows_f32: dst=inp_embd first4=0.0155639648 -0.0339355469 0.0291748047 0.0203857422
process_ubatch: start, gtype = 2, n_tokens = 1, can_reuse = 1
ggml_compute_forward_get_rows_f32: dst=inp_embd first4=-0.00311279297 -0.00350952148 -0.00643920898 -0.0127563477
process_ubatch: start, gtype = 2, n_tokens = 1, can_reuse = 1
ggml_compute_forward_get_rows_f32: dst=inp_embd first4=-0.00842285156 0.046875 0.0148925781 0.000820159912
process_ubatch: start, gtype = 2, n_tokens = 1, can_reuse = 1
ggml_compute_forward_get_rows_f32: dst=inp_embd first4=-0.00192260742 0.03125 -0.0102539062 -0.0178222656
process_ubatch: start, gtype = 2, n_tokens = 1, can_reuse = 1
ggml_compute_forward_get_rows_f32: dst=inp_embd first4=-0.0250244141 -0.0444335938 -0.0446777344 -0.0101928711
process_ubatch: start, gtype = 2, n_tokens = 1, can_reuse = 0
ggml_compute_forward_get_rows_f32: dst=inp_embd first4=-0.044921875 -0.0296630859 -0.0354003906 0.0103759766
process_ubatch: start, gtype = 2, n_tokens = 1, can_reuse = 1
ggml_compute_forward_get_rows_f32: dst=inp_embd first4=0.00958251953 0.00104522705 -0.025390625 -0.00909423828
process_ubatch: start, gtype = 2, n_tokens = 1, can_reuse = 1
ggml_compute_forward_get_rows_f32: dst=inp_embd first4=0.00113677979 0.0234375 0.0539550781 -0.0227050781
process_ubatch: start, gtype = 2, n_tokens = 1, can_reuse = 1
ggml_compute_forward_get_rows_f32: dst=inp_embd first4=0.00271606445 -0.00335693359 -0.0125732422 0.0245361328
process_ubatch: start, gtype = 2, n_tokens = 1, can_reuse = 1
ggml_compute_forward_get_rows_f32: dst=inp_embd first4=-0.00393676758 -0.000461578369 -0.00375366211 -0.00343322754
process_ubatch: start, gtype = 2, n_tokens = 1, can_reuse = 1
ggml_compute_forward_get_rows_f32: dst=inp_embd first4=0.00793457031 -0.0145263672 -0.00668334961 -0.0146484375
process_ubatch: start, gtype = 2, n_tokens = 1, can_reuse = 1
ggml_compute_forward_get_rows_f32: dst=inp_embd first4=0.0378417969 -0.0016708374 -0.00933837891 0.00927734375
process_ubatch: start, gtype = 2, n_tokens = 1, can_reuse = 1
ggml_compute_forward_get_rows_f32: dst=inp_embd first4=-0.00175476074 -0.00750732422 0.00769042969 0.00622558594
process_ubatch: start, gtype = 2, n_tokens = 1, can_reuse = 1
ggml_compute_forward_get_rows_f32: dst=inp_embd first4=0.00370788574 0.0145874023 0.048828125 -0.0169677734
process_ubatch: start, gtype = 2, n_tokens = 1, can_reuse = 1
ggml_compute_forward_get_rows_f32: dst=inp_embd first4=0.0295410156 -0.0250244141 0.0246582031 0.0200195312
process_ubatch: start, gtype = 2, n_tokens = 1, can_reuse = 1
ggml_compute_forward_get_rows_f32: dst=inp_embd first4=-0.0111083984 -0.00297546387 0.00347900391 -0.0149536133
process_ubatch: start, gtype = 2, n_tokens = 1, can_reuse = 1
ggml_compute_forward_get_rows_f32: dst=inp_embd first4=0.00174713135 -0.00704956055 -0.0046081543 0.0219726562
process_ubatch: start, gtype = 2, n_tokens = 1, can_reuse = 1
ggml_compute_forward_get_rows_f32: dst=inp_embd first4=-0.00439453125 -0.00778198242 -0.00194549561 0.0061340332
process_ubatch: start, gtype = 2, n_tokens = 1, can_reuse = 1
ggml_compute_forward_get_rows_f32: dst=inp_embd first4=0.0747070312 0.0281982422 -0.0189208984 -0.02734375
process_ubatch: start, gtype = 2, n_tokens = 1, can_reuse = 1
ggml_compute_forward_get_rows_f32: dst=inp_embd first4=0.0308837891 0.00390625 -0.0480957031 -0.00302124023
process_ubatch: start, gtype = 2, n_tokens = 1, can_reuse = 1
ggml_compute_forward_get_rows_f32: dst=inp_embd first4=-0.0111694336 0.0322265625 0.0178222656 0.00442504883
process_ubatch: start, gtype = 2, n_tokens = 1, can_reuse = 0
ggml_compute_forward_get_rows_f32: dst=inp_embd first4=0.00302124023 -0.00643920898 0.0163574219 0.00408935547
process_ubatch: start, gtype = 2, n_tokens = 1, can_reuse = 1
ggml_compute_forward_get_rows_f32: dst=inp_embd first4=-0.015625 -0.00836181641 0.0473632812 -0.00194549561
process_ubatch: start, gtype = 2, n_tokens = 1, can_reuse = 1
ggml_compute_forward_get_rows_f32: dst=inp_embd first4=0.0150146484 -0.00964355469 -0.0103149414 -0.00262451172
process_ubatch: start, gtype = 2, n_tokens = 1, can_reuse = 1
ggml_compute_forward_get_rows_f32: dst=inp_embd first4=-0.0194091797 -0.0177001953 0.0163574219 0.00244140625
process_ubatch: start, gtype = 2, n_tokens = 1, can_reuse = 1
ggml_compute_forward_get_rows_f32: dst=inp_embd first4=-0.00579833984 -0.0223388672 0.0126342773 -0.0179443359
process_ubatch: start, gtype = 2, n_tokens = 1, can_reuse = 1
ggml_compute_forward_get_rows_f32: dst=inp_embd first4=-0.00105285645 0.0269775391 -0.0250244141 -0.0167236328
process_ubatch: start, gtype = 2, n_tokens = 1, can_reuse = 1
ggml_compute_forward_get_rows_f32: dst=inp_embd first4=-0.0385742188 0.010559082 -0.0439453125 0.0078125
process_ubatch: start, gtype = 2, n_tokens = 1, can_reuse = 1
ggml_compute_forward_get_rows_f32: dst=inp_embd first4=-0.037109375 -0.0109863281 -0.00361633301 0.0194091797
process_ubatch: start, gtype = 2, n_tokens = 1, can_reuse = 1
ggml_compute_forward_get_rows_f32: dst=inp_embd first4=0.0133666992 0.0163574219 0.0236816406 -0.0375976562
process_ubatch: start, gtype = 2, n_tokens = 1, can_reuse = 1
ggml_compute_forward_get_rows_f32: dst=inp_embd first4=0.00296020508 -0.0284423828 0.0187988281 0.017578125
process_ubatch: start, gtype = 2, n_tokens = 1, can_reuse = 1
ggml_compute_forward_get_rows_f32: dst=inp_embd first4=0.00640869141 0.0303955078 0.00854492188 -0.0133666992
process_ubatch: start, gtype = 2, n_tokens = 1, can_reuse = 1
ggml_compute_forward_get_rows_f32: dst=inp_embd first4=-0.017578125 -0.00561523438 0.00848388672 0.0100708008
process_ubatch: start, gtype = 2, n_tokens = 1, can_reuse = 1
ggml_compute_forward_get_rows_f32: dst=inp_embd first4=0.0114746094 0.0240478516 -0.0277099609 -0.0263671875
process_ubatch: start, gtype = 2, n_tokens = 1, can_reuse = 1
ggml_compute_forward_get_rows_f32: dst=inp_embd first4=-0.0258789062 -0.0161132812 -0.00744628906 0.0239257812
process_ubatch: start, gtype = 2, n_tokens = 1, can_reuse = 1
ggml_compute_forward_get_rows_f32: dst=inp_embd first4=0.0216064453 0.0192871094 -0.0122680664 -0.0166015625
process_ubatch: start, gtype = 2, n_tokens = 1, can_reuse = 1
ggml_compute_forward_get_rows_f32: dst=inp_embd first4=0.0107421875 0.0158691406 -0.0247802734 0.000713348389
llama_perf_context_print:        load time =    4459.78 ms
llama_perf_context_print: prompt eval time =       0.00 ms /     1 tokens (    0.00 ms per token,      inf tokens per second)
llama_perf_context_print:        eval time =       0.00 ms /   641 runs   (    0.00 ms per token,      inf tokens per second)
llama_perf_context_print:       total time =   12457.19 ms /   642 tokens
llama_perf_context_print:    graphs reused =        601
